n,mae_ah,mae_tot,n_ah_ge_05,n_tot_ge_05,flip_ah_n,flip_ah_rate,flip_1x2_n,flip_1x2_rate,mae_odds_1,mae_odds_x,mae_odds_2,n_1x2,league,season,bucket,arm,harm_D_n,harm_D_mean,harm_D_pct_pos,harm_D_pct_neg,harm_S_n,harm_S_mean,harm_S_pct_pos,harm_S_pct_neg
20,0.2875,0.275,9,4,4,0.2,3,0.15,0.6379774925273883,0.4600204381677805,0.8128102656929121,20,La Liga,2024-25,GW1-2,A_FULL,20,0.1375,0.45,0.05,20,0.0875,0.5,0.15
20,0.15,0.275,1,4,2,0.1,1,0.05,0.331530183680184,0.4146434255326101,0.6052569173041995,20,La Liga,2024-25,GW1-2,B,,,,,,,,
20,0.275,0.1875,8,2,4,0.2,3,0.15,0.6554892756669812,0.37671247679937847,0.8645101893613887,20,La Liga,2024-25,GW1-2,C,,,,,,,,
20,0.15,0.1875,1,2,2,0.1,1,0.05,0.31455194929124525,0.3360142464106686,0.6207040032451189,20,La Liga,2024-25,GW1-2,D_BASE,,,,,,,,
20,,,,,,,,,,,,,La Liga,2024-25,GW1-2,HARM,20,0.1375,0.45,0.05,20,0.0875,0.5,0.15
19,0.09210526315789473,0.15789473684210525,0,0,3,0.15789473684210525,1,0.05263157894736842,0.16112813084904593,0.18394657325165134,0.7127399750248092,19,La Liga,2024-25,GW3-4,A_FULL,19,-0.039473684210526314,0.10526315789473684,0.21052631578947367,19,-0.013157894736842105,0.05263157894736842,0.10526315789473684
19,0.13157894736842105,0.15789473684210525,1,0,4,0.21052631578947367,2,0.10526315789473684,0.26483088569257507,0.20180080231283637,0.6983827750913051,19,La Liga,2024-25,GW3-4,B,,,,,,,,
19,0.09210526315789473,0.17105263157894737,0,0,3,0.15789473684210525,1,0.05263157894736842,0.18163825317408833,0.18406369586486515,0.8339233814199845,19,La Liga,2024-25,GW3-4,C,,,,,,,,
19,0.13157894736842105,0.17105263157894737,1,0,4,0.21052631578947367,2,0.10526315789473684,0.2360522697099783,0.2058725189396568,0.7415549716157254,19,La Liga,2024-25,GW3-4,D_BASE,,,,,,,,
19,,,,,,,,,,,,,La Liga,2024-25,GW3-4,HARM,19,-0.039473684210526314,0.10526315789473684,0.21052631578947367,19,-0.013157894736842105,0.05263157894736842,0.10526315789473684
18,0.1527777777777778,0.16666666666666666,2,1,2,0.1111111111111111,2,0.1111111111111111,0.2974281081316695,0.16437127513159894,1.0790550615831767,18,La Liga,2024-25,GW5-6,A_FULL,17,-0.029411764705882353,0.17647058823529413,0.35294117647058826,17,-0.014705882352941176,0.0,0.058823529411764705
18,0.18055555555555555,0.16666666666666666,1,1,2,0.1111111111111111,1,0.05555555555555555,0.3982555128537964,0.2841314961996795,0.44994610226096377,18,La Liga,2024-25,GW5-6,B,,,,,,,,
18,0.1527777777777778,0.18055555555555555,2,1,2,0.1111111111111111,2,0.1111111111111111,0.3084592741331963,0.16831050728040414,1.2168945957312867,18,La Liga,2024-25,GW5-6,C,,,,,,,,
18,0.18055555555555555,0.18055555555555555,1,1,2,0.1111111111111111,1,0.05555555555555555,0.40248515408200475,0.2852878727372474,0.5300654665036534,18,La Liga,2024-25,GW5-6,D_BASE,,,,,,,,
17,,,,,,,,,,,,,La Liga,2024-25,GW5-6,HARM,17,-0.029411764705882353,0.17647058823529413,0.35294117647058826,17,-0.014705882352941176,0.0,0.058823529411764705
21,0.11904761904761904,0.14285714285714285,0,1,2,0.09523809523809523,0,0.0,0.2069009181613406,0.20465692973204352,0.4819471301305163,21,La Liga,2024-25,GW7-8,A_FULL,21,0.03571428571428571,0.2857142857142857,0.14285714285714285,21,-0.023809523809523808,0.047619047619047616,0.14285714285714285
21,0.08333333333333333,0.14285714285714285,0,1,0,0.0,0,0.0,0.22565957928093258,0.2633028082495217,0.7527536356670799,21,La Liga,2024-25,GW7-8,B,,,,,,,,
21,0.11904761904761904,0.16666666666666666,0,2,2,0.09523809523809523,0,0.0,0.22135983406294488,0.20284472725015962,0.5113646635006681,21,La Liga,2024-25,GW7-8,C,,,,,,,,
21,0.08333333333333333,0.16666666666666666,0,2,0,0.0,0,0.0,0.22727804095771265,0.26575299717201095,0.6542581601001428,21,La Liga,2024-25,GW7-8,D_BASE,,,,,,,,
21,,,,,,,,,,,,,La Liga,2024-25,GW7-8,HARM,21,0.03571428571428571,0.2857142857142857,0.14285714285714285,21,-0.023809523809523808,0.047619047619047616,0.14285714285714285
20,0.25,0.3,5,5,1,0.05,0,0.0,0.5810238610586248,0.49826007715839593,1.278009508523184,20,La Liga,2025-26,GW1-2,A_FULL,20,0.025,0.4,0.3,20,0.075,0.55,0.2
20,0.225,0.3,5,5,2,0.1,2,0.1,0.5216567465560864,0.4364904769303344,1.0253957521752386,20,La Liga,2025-26,GW1-2,B,,,,,,,,
20,0.25,0.225,5,4,1,0.05,0,0.0,0.5007405578044235,0.46892679233949774,1.424801254802883,20,La Liga,2025-26,GW1-2,C,,,,,,,,
20,0.25,0.225,7,4,2,0.1,2,0.1,0.4801906923384662,0.39847402355493505,1.2569039573358394,20,La Liga,2025-26,GW1-2,D_BASE,,,,,,,,
20,,,,,,,,,,,,,La Liga,2025-26,GW1-2,HARM,20,0.025,0.4,0.3,20,0.075,0.55,0.2
19,0.21052631578947367,0.19736842105263158,4,2,2,0.10526315789473684,3,0.15789473684210525,0.268151679736524,0.3451045315879776,1.4980734287147206,19,La Liga,2025-26,GW3-4,A_FULL,19,-0.05263157894736842,0.15789473684210525,0.3684210526315789,19,0.013157894736842105,0.2631578947368421,0.21052631578947367
19,0.2631578947368421,0.19736842105263158,2,2,5,0.2631578947368421,3,0.15789473684210525,0.46735931564125327,0.3496359006053855,0.8205490489517088,19,La Liga,2025-26,GW3-4,B,,,,,,,,
19,0.2236842105263158,0.18421052631578946,4,3,2,0.10526315789473684,3,0.15789473684210525,0.32156300868159693,0.33322499252345433,2.175857891628683,19,La Liga,2025-26,GW3-4,C,,,,,,,,
19,0.2631578947368421,0.18421052631578946,2,3,5,0.2631578947368421,3,0.15789473684210525,0.44485998754509753,0.3378758596702295,0.794114761233875,19,La Liga,2025-26,GW3-4,D_BASE,,,,,,,,
19,,,,,,,,,,,,,La Liga,2025-26,GW3-4,HARM,19,-0.05263157894736842,0.15789473684210525,0.3684210526315789,19,0.013157894736842105,0.2631578947368421,0.21052631578947367
21,0.10714285714285714,0.11904761904761904,1,2,0,0.0,0,0.0,0.5618765150944859,0.2655735921677205,0.6636894727082607,21,La Liga,2025-26,GW5-6,A_FULL,21,-0.07142857142857142,0.14285714285714285,0.3333333333333333,21,-0.08333333333333333,0.047619047619047616,0.38095238095238093
21,0.17857142857142858,0.11904761904761904,3,2,2,0.09523809523809523,2,0.09523809523809523,0.46151020779044805,0.28097389950063084,0.692029545951621,21,La Liga,2025-26,GW5-6,B,,,,,,,,
21,0.10714285714285714,0.20238095238095238,1,2,0,0.0,0,0.0,0.5983642965044643,0.29698090345492156,0.9438986251629738,21,La Liga,2025-26,GW5-6,C,,,,,,,,
21,0.17857142857142858,0.20238095238095238,3,2,2,0.09523809523809523,2,0.09523809523809523,0.4541922223107462,0.3264341418995157,0.9113831205367946,21,La Liga,2025-26,GW5-6,D_BASE,,,,,,,,
21,,,,,,,,,,,,,La Liga,2025-26,GW5-6,HARM,21,-0.07142857142857142,0.14285714285714285,0.3333333333333333,21,-0.08333333333333333,0.047619047619047616,0.38095238095238093
20,0.125,0.0875,2,0,1,0.05,1,0.05,0.26111102599766967,0.2734955746421104,0.9261004445863403,20,La Liga,2025-26,GW7-8,A_FULL,20,-0.125,0.05,0.4,20,-0.0625,0.1,0.3
20,0.25,0.0875,3,0,3,0.15,1,0.05,0.2928019707575801,0.24182829815628953,0.7337715465362601,20,La Liga,2025-26,GW7-8,B,,,,,,,,
20,0.125,0.15,2,2,1,0.05,1,0.05,0.27613000216771055,0.2583345470584567,1.251312519333745,20,La Liga,2025-26,GW7-8,C,,,,,,,,
20,0.25,0.15,3,2,3,0.15,1,0.05,0.28669138167769936,0.22170831014204836,0.7907463098125362,20,La Liga,2025-26,GW7-8,D_BASE,,,,,,,,
20,,,,,,,,,,,,,La Liga,2025-26,GW7-8,HARM,20,-0.125,0.05,0.4,20,-0.0625,0.1,0.3
20,0.225,0.175,4,0,2,0.1,1,0.05,0.5261944511146762,0.40635032169302737,1.0881479198407413,20,Serie A,2024-25,GW1-2,A_FULL,20,0.0375,0.3,0.2,20,0.05,0.35,0.15
20,0.1875,0.175,2,0,2,0.1,0,0.0,0.2729017120591869,0.34812561809124826,0.6682823207419122,20,Serie A,2024-25,GW1-2,B,,,,,,,,
20,0.225,0.125,4,2,2,0.1,1,0.05,0.5897897589457846,0.3588423362362276,1.13305696268575,20,Serie A,2024-25,GW1-2,C,,,,,,,,
20,0.1875,0.125,2,2,2,0.1,0,0.0,0.33878670462470545,0.30537442592579167,0.644171199228454,20,Serie A,2024-25,GW1-2,D_BASE,,,,,,,,
20,,,,,,,,,,,,,Serie A,2024-25,GW1-2,HARM,20,0.0375,0.3,0.2,20,0.05,0.35,0.15
20,0.175,0.0375,2,0,3,0.15,1,0.05,0.2660653857272187,0.14726000676301323,0.6524983671258114,20,Serie A,2024-25,GW3-4,A_FULL,20,0.0625,0.3,0.1,20,-0.0875,0.0,0.35
20,0.1125,0.0375,0,0,2,0.1,0,0.0,0.24534236873875465,0.1986557934989785,0.44492260877495327,20,Serie A,2024-25,GW3-4,B,,,,,,,,
20,0.175,0.125,2,0,3,0.15,1,0.05,0.28754559498276244,0.14486451925463903,0.7208337437947806,20,Serie A,2024-25,GW3-4,C,,,,,,,,
20,0.1125,0.125,0,0,2,0.1,0,0.0,0.24755048142858085,0.20163632277491636,0.4737143447746373,20,Serie A,2024-25,GW3-4,D_BASE,,,,,,,,
20,,,,,,,,,,,,,Serie A,2024-25,GW3-4,HARM,20,0.0625,0.3,0.1,20,-0.0875,0.0,0.35
20,0.0625,0.1125,0,1,0,0.0,0,0.0,0.1569925722102477,0.19810423576732156,0.3298878620504884,20,Serie A,2024-25,GW5-6,A_FULL,20,-0.025,0.1,0.2,20,-0.0125,0.15,0.2
20,0.0875,0.1125,0,1,3,0.15,1,0.05,0.18909121001604262,0.22709495772114568,0.509597982086868,20,Serie A,2024-25,GW5-6,B,,,,,,,,
20,0.0625,0.125,0,1,0,0.0,0,0.0,0.157158513560816,0.1932632362724834,0.3611646720088021,20,Serie A,2024-25,GW5-6,C,,,,,,,,
20,0.1,0.125,1,1,3,0.15,1,0.05,0.1879764917928426,0.21565013321281254,0.520518491470122,20,Serie A,2024-25,GW5-6,D_BASE,,,,,,,,
20,,,,,,,,,,,,,Serie A,2024-25,GW5-6,HARM,20,-0.025,0.1,0.2,20,-0.0125,0.15,0.2
20,0.1875,0.15,3,2,2,0.1,1,0.05,0.3502671918720568,0.2931397690331786,1.3442040780018032,20,Serie A,2024-25,GW7-8,A_FULL,20,0.0,0.2,0.2,20,0.0,0.0,0.0
20,0.1875,0.15,2,2,2,0.1,1,0.05,0.3287020123719363,0.2780425287613338,0.7272182223504723,20,Serie A,2024-25,GW7-8,B,,,,,,,,
20,0.1875,0.15,3,2,2,0.1,1,0.05,0.35845145420950036,0.2872728031326973,1.4913695825025362,20,Serie A,2024-25,GW7-8,C,,,,,,,,
20,0.1875,0.15,2,2,2,0.1,1,0.05,0.3230695847386126,0.28335774948782805,0.7215882026335946,20,Serie A,2024-25,GW7-8,D_BASE,,,,,,,,
20,,,,,,,,,,,,,Serie A,2024-25,GW7-8,HARM,20,0.0,0.2,0.2,20,0.0,0.0,0.0
20,0.3,0.25,6,4,3,0.15,3,0.15,0.8037652789080785,0.5273362533491281,2.1221515017024926,20,Serie A,2025-26,GW1-2,A_FULL,20,0.1375,0.5,0.15,20,0.0375,0.3,0.15
20,0.1625,0.25,3,4,3,0.15,3,0.15,0.37687211123219877,0.2896116041225512,0.6965674745089103,20,Serie A,2025-26,GW1-2,B,,,,,,,,
20,0.3,0.2125,6,4,3,0.15,3,0.15,0.8683577671917397,0.4960774929523767,2.4264465089549123,20,Serie A,2025-26,GW1-2,C,,,,,,,,
20,0.1625,0.2125,3,4,3,0.15,3,0.15,0.32549663753381886,0.2620215893641457,0.8551164958683026,20,Serie A,2025-26,GW1-2,D_BASE,,,,,,,,
20,,,,,,,,,,,,,Serie A,2025-26,GW1-2,HARM,20,0.1375,0.5,0.15,20,0.0375,0.3,0.15
20,0.0875,0.1625,1,0,3,0.15,5,0.25,0.18923611472667012,0.2587850900062024,0.6686513497436662,20,Serie A,2025-26,GW3-4,A_FULL,20,-0.1,0.1,0.4,20,0.0125,0.1,0.05
20,0.1875,0.1625,3,0,6,0.3,4,0.2,0.34913198418057545,0.2669751175000805,0.6187172064868582,20,Serie A,2025-26,GW3-4,B,,,,,,,,
20,0.0875,0.15,1,0,3,0.15,5,0.25,0.2208943690436534,0.2546114900914484,0.7518080294687851,20,Serie A,2025-26,GW3-4,C,,,,,,,,
20,0.175,0.15,2,0,6,0.3,4,0.2,0.3523688296023547,0.27515154480546783,0.6087385709624101,20,Serie A,2025-26,GW3-4,D_BASE,,,,,,,,
20,,,,,,,,,,,,,Serie A,2025-26,GW3-4,HARM,20,-0.1,0.1,0.4,20,0.0125,0.1,0.05
20,0.1125,0.125,1,1,4,0.2,0,0.0,0.22351219046430565,0.30021642165653256,0.7735011458147485,20,Serie A,2025-26,GW5-6,A_FULL,20,-0.1,0.2,0.45,20,-0.0125,0.1,0.15
20,0.2125,0.125,2,1,3,0.15,2,0.1,0.4064882199930723,0.2840212704620013,0.7801162577500147,20,Serie A,2025-26,GW5-6,B,,,,,,,,
20,0.1125,0.1375,1,1,4,0.2,0,0.0,0.23565141981840543,0.2948178337565552,0.8046135984502886,20,Serie A,2025-26,GW5-6,C,,,,,,,,
20,0.225,0.1375,2,1,3,0.15,2,0.1,0.3876180199769692,0.2788893902734517,0.7824145701512351,20,Serie A,2025-26,GW5-6,D_BASE,,,,,,,,
20,,,,,,,,,,,,,Serie A,2025-26,GW5-6,HARM,20,-0.1,0.2,0.45,20,-0.0125,0.1,0.15
19,0.18421052631578946,0.11842105263157894,3,1,3,0.15789473684210525,1,0.05263157894736842,0.3718567159946795,0.254919229139775,0.5675294260535415,19,Serie A,2025-26,GW7-8,A_FULL,19,0.07894736842105263,0.3684210526315789,0.21052631578947367,19,-0.013157894736842105,0.05263157894736842,0.10526315789473684
19,0.10526315789473684,0.11842105263157894,0,1,4,0.21052631578947367,1,0.05263157894736842,0.39549940186219273,0.21673891979416526,0.3586628141690544,19,Serie A,2025-26,GW7-8,B,,,,,,,,
19,0.18421052631578946,0.13157894736842105,3,1,3,0.15789473684210525,1,0.05263157894736842,0.37778449429095456,0.27357166746884787,0.5739932962609132,19,Serie A,2025-26,GW7-8,C,,,,,,,,
19,0.10526315789473684,0.13157894736842105,0,1,4,0.21052631578947367,1,0.05263157894736842,0.4128943999826712,0.24147317294447507,0.35816242438706913,19,Serie A,2025-26,GW7-8,D_BASE,,,,,,,,
19,,,,,,,,,,,,,Serie A,2025-26,GW7-8,HARM,19,0.07894736842105263,0.3684210526315789,0.21052631578947367,19,-0.013157894736842105,0.05263157894736842,0.10526315789473684
18,0.3194444444444444,0.2777777777777778,7,5,5,0.2777777777777778,3,0.16666666666666666,0.6442899143752004,0.46337954325050074,1.0098336742721443,18,Ligue 1,2024-25,GW1-2,A_FULL,18,0.125,0.5,0.16666666666666666,18,0.09722222222222222,0.5,0.16666666666666666
18,0.19444444444444445,0.2777777777777778,3,5,2,0.1111111111111111,0,0.0,0.3702569430565243,0.37579711694552975,0.7774244442532567,18,Ligue 1,2024-25,GW1-2,B,,,,,,,,
18,0.3194444444444444,0.18055555555555555,7,1,5,0.2777777777777778,3,0.16666666666666666,0.6706632585124349,0.37670133985431964,1.0902093153561556,18,Ligue 1,2024-25,GW1-2,C,,,,,,,,
18,0.20833333333333334,0.18055555555555555,3,1,2,0.1111111111111111,0,0.0,0.36585922813135,0.2889233531530722,0.6932042339343601,18,Ligue 1,2024-25,GW1-2,D_BASE,,,,,,,,
18,,,,,,,,,,,,,Ligue 1,2024-25,GW1-2,HARM,18,0.125,0.5,0.16666666666666666,18,0.09722222222222222,0.5,0.16666666666666666
18,0.25,0.18055555555555555,5,1,1,0.05555555555555555,0,0.0,0.3446681194982289,0.32348489555194415,0.8714400487894516,18,Ligue 1,2024-25,GW3-4,A_FULL,18,0.041666666666666664,0.4444444444444444,0.2777777777777778,18,0.0,0.1111111111111111,0.1111111111111111
18,0.20833333333333334,0.18055555555555555,3,1,2,0.1111111111111111,2,0.1111111111111111,0.419639455360147,0.23564903231264603,0.5237203376435621,18,Ligue 1,2024-25,GW3-4,B,,,,,,,,
18,0.25,0.18055555555555555,5,1,1,0.05555555555555555,0,0.0,0.3469646824052505,0.3039611678379279,0.9060316509453218,18,Ligue 1,2024-25,GW3-4,C,,,,,,,,
18,0.20833333333333334,0.18055555555555555,3,1,2,0.1111111111111111,2,0.1111111111111111,0.41861985169064625,0.22424982655355052,0.5071444159380193,18,Ligue 1,2024-25,GW3-4,D_BASE,,,,,,,,
18,,,,,,,,,,,,,Ligue 1,2024-25,GW3-4,HARM,18,0.041666666666666664,0.4444444444444444,0.2777777777777778,18,0.0,0.1111111111111111,0.1111111111111111
18,0.19444444444444445,0.18055555555555555,2,1,4,0.2222222222222222,3,0.16666666666666666,0.3465299471585432,0.19427056530423767,0.6131536318368744,18,Ligue 1,2024-25,GW5-6,A_FULL,18,0.013888888888888888,0.3333333333333333,0.2222222222222222,18,0.013888888888888888,0.2222222222222222,0.16666666666666666
18,0.18055555555555555,0.18055555555555555,2,1,3,0.16666666666666666,3,0.16666666666666666,0.3657727511900727,0.2195678045517513,0.6150170084380491,18,Ligue 1,2024-25,GW5-6,B,,,,,,,,
18,0.19444444444444445,0.16666666666666666,2,2,4,0.2222222222222222,3,0.16666666666666666,0.37216992977181956,0.16941205596085362,0.627478074392166,18,Ligue 1,2024-25,GW5-6,C,,,,,,,,
18,0.20833333333333334,0.16666666666666666,3,2,4,0.2222222222222222,3,0.16666666666666666,0.3699582573871438,0.19973194994693003,0.5921568747098219,18,Ligue 1,2024-25,GW5-6,D_BASE,,,,,,,,
18,,,,,,,,,,,,,Ligue 1,2024-25,GW5-6,HARM,18,0.013888888888888888,0.3333333333333333,0.2222222222222222,18,0.013888888888888888,0.2222222222222222,0.16666666666666666
18,0.2361111111111111,0.1388888888888889,4,1,5,0.2777777777777778,2,0.1111111111111111,0.42973969840377435,0.2813318853859895,0.6097455008290681,18,Ligue 1,2024-25,GW7-8,A_FULL,18,0.027777777777777776,0.3333333333333333,0.2777777777777778,18,-0.05555555555555555,0.1111111111111111,0.3333333333333333
18,0.20833333333333334,0.1388888888888889,3,1,3,0.16666666666666666,2,0.1111111111111111,0.4618182391919468,0.2995293945722817,0.5299452998234809,18,Ligue 1,2024-25,GW7-8,B,,,,,,,,
18,0.2361111111111111,0.19444444444444445,4,2,5,0.2777777777777778,2,0.1111111111111111,0.4427536926201995,0.2873869797992515,0.7022151774956148,18,Ligue 1,2024-25,GW7-8,C,,,,,,,,
18,0.20833333333333334,0.19444444444444445,3,2,3,0.16666666666666666,2,0.1111111111111111,0.4345201567058189,0.3165318277187769,0.6012313748709732,18,Ligue 1,2024-25,GW7-8,D_BASE,,,,,,,,
18,,,,,,,,,,,,,Ligue 1,2024-25,GW7-8,HARM,18,0.027777777777777776,0.3333333333333333,0.2777777777777778,18,-0.05555555555555555,0.1111111111111111,0.3333333333333333
18,0.3472222222222222,0.2222222222222222,7,4,5,0.2777777777777778,5,0.2777777777777778,0.8029979650692011,0.7785441947464755,1.406214675661165,18,Ligue 1,2025-26,GW1-2,A_FULL,18,0.05555555555555555,0.4444444444444444,0.3888888888888889,18,0.05555555555555555,0.4444444444444444,0.3333333333333333
18,0.2916666666666667,0.2222222222222222,6,4,5,0.2777777777777778,3,0.16666666666666666,0.6167279383104294,0.7446728385093865,1.4992169685222103,18,Ligue 1,2025-26,GW1-2,B,,,,,,,,
18,0.3611111111111111,0.16666666666666666,7,0,5,0.2777777777777778,5,0.2777777777777778,0.818941016348671,0.6097588898943821,2.6166659420848126,18,Ligue 1,2025-26,GW1-2,C,,,,,,,,
18,0.2916666666666667,0.16666666666666666,6,0,5,0.2777777777777778,3,0.16666666666666666,0.6031253014845076,0.6327843184134476,1.3119097182281223,18,Ligue 1,2025-26,GW1-2,D_BASE,,,,,,,,
18,,,,,,,,,,,,,Ligue 1,2025-26,GW1-2,HARM,18,0.05555555555555555,0.4444444444444444,0.3888888888888889,18,0.05555555555555555,0.4444444444444444,0.3333333333333333
18,0.2777777777777778,0.125,6,2,4,0.2222222222222222,3,0.16666666666666666,0.4685179746392368,0.34005571656657546,1.0115244804608827,18,Ligue 1,2025-26,GW3-4,A_FULL,18,0.06944444444444445,0.3333333333333333,0.2777777777777778,18,-0.013888888888888888,0.2777777777777778,0.3888888888888889
18,0.20833333333333334,0.125,2,2,3,0.16666666666666666,2,0.1111111111111111,0.4181312030164471,0.2932388612416981,0.42379935947545344,18,Ligue 1,2025-26,GW3-4,B,,,,,,,,
18,0.2777777777777778,0.1388888888888889,6,1,4,0.2222222222222222,3,0.16666666666666666,0.5676581152954802,0.2990880289360817,1.2397762568173898,18,Ligue 1,2025-26,GW3-4,C,,,,,,,,
18,0.20833333333333334,0.1388888888888889,2,1,3,0.16666666666666666,2,0.1111111111111111,0.4094974513121249,0.2662831941893395,0.4560347691439538,18,Ligue 1,2025-26,GW3-4,D_BASE,,,,,,,,
18,,,,,,,,,,,,,Ligue 1,2025-26,GW3-4,HARM,18,0.06944444444444445,0.3333333333333333,0.2777777777777778,18,-0.013888888888888888,0.2777777777777778,0.3888888888888889
18,0.18055555555555555,0.19444444444444445,5,2,1,0.05555555555555555,1,0.05555555555555555,0.3132217993729742,0.3727271808900088,1.0323538124719762,18,Ligue 1,2025-26,GW5-6,A_FULL,18,0.041666666666666664,0.3333333333333333,0.2222222222222222,18,0.027777777777777776,0.2222222222222222,0.1111111111111111
18,0.1388888888888889,0.19444444444444445,2,2,1,0.05555555555555555,1,0.05555555555555555,0.2603603125549198,0.22617390128445328,0.4145787634692881,18,Ligue 1,2025-26,GW5-6,B,,,,,,,,
18,0.18055555555555555,0.16666666666666666,5,3,1,0.05555555555555555,1,0.05555555555555555,0.3319169818861345,0.3379505070786915,1.2461819391595426,18,Ligue 1,2025-26,GW5-6,C,,,,,,,,
18,0.1388888888888889,0.16666666666666666,2,3,1,0.05555555555555555,1,0.05555555555555555,0.26850809748221205,0.20147461650122445,0.5264918559800692,18,Ligue 1,2025-26,GW5-6,D_BASE,,,,,,,,
18,,,,,,,,,,,,,Ligue 1,2025-26,GW5-6,HARM,18,0.041666666666666664,0.3333333333333333,0.2222222222222222,18,0.027777777777777776,0.2222222222222222,0.1111111111111111
18,0.19444444444444445,0.08333333333333333,2,0,2,0.1111111111111111,2,0.1111111111111111,0.28921221671876646,0.3122672053362088,0.632387228234061,18,Ligue 1,2025-26,GW7-8,A_FULL,18,0.027777777777777776,0.3333333333333333,0.2222222222222222,18,-0.05555555555555555,0.16666666666666666,0.3888888888888889
18,0.16666666666666666,0.08333333333333333,2,0,1,0.05555555555555555,0,0.0,0.26745019905180073,0.33377309145942596,0.5338507625522024,18,Ligue 1,2025-26,GW7-8,B,,,,,,,,
18,0.19444444444444445,0.1388888888888889,2,0,2,0.1111111111111111,2,0.1111111111111111,0.29593950503282557,0.2669966550469627,0.674565812078891,18,Ligue 1,2025-26,GW7-8,C,,,,,,,,
18,0.16666666666666666,0.1388888888888889,2,0,1,0.05555555555555555,0,0.0,0.3031349563487082,0.29908015918122555,0.5673535402172435,18,Ligue 1,2025-26,GW7-8,D_BASE,,,,,,,,
18,,,,,,,,,,,,,Ligue 1,2025-26,GW7-8,HARM,18,0.027777777777777776,0.3333333333333333,0.2222222222222222,18,-0.05555555555555555,0.16666666666666666,0.3888888888888889
