match_id,match_date,home_team,away_team,ps_id,fid,userbet_home,userbet_away,slug,lineups_url,ah_away_odds,ah_home_odds,away_odds,closing_ah_home,closing_total_line,draw_odds,home_odds,over_odds,under_odds,status,error
12310,2024-08-16,Man United,Fulham,1593036436,21106199,Manchester Utd,Fulham,premier_league-manchester_utd-fulham,https://userbet.info/lineups_fixture/premier_league-manchester_utd-fulham/21106199/,,,,,,,,,,skipped_filled,
12313,2024-08-17,Everton,Brighton,1593036433,21106973,Everton,Brighton,premier_league-everton-brighton,https://userbet.info/lineups_fixture/premier_league-everton-brighton/21106973/,,,,,,,,,,skipped_filled,
12316,2024-08-17,West Ham,Aston Villa,1593036434,21106976,West Ham,Aston Villa,premier_league-west_ham-aston_villa,https://userbet.info/lineups_fixture/premier_league-west_ham-aston_villa/21106976/,,,,,,,,,,skipped_filled,
12314,2024-08-17,Newcastle,Southampton,1593036431,21106974,Newcastle,Southampton,premier_league-newcastle-southampton,https://userbet.info/lineups_fixture/premier_league-newcastle-southampton/21106974/,,,,,,,,,,skipped_filled,
12311,2024-08-17,Ipswich,Liverpool,1593036440,21106971,Ipswich (Eng),Liverpool,premier_league-ipswich_eng-liverpool,https://userbet.info/lineups_fixture/premier_league-ipswich_eng-liverpool/21106971/,,,,,,,,,,skipped_filled,
12312,2024-08-17,Arsenal,Wolves,1593036427,21106972,Arsenal,Wolves,premier_league-arsenal_-wolves,https://userbet.info/lineups_fixture/premier_league-arsenal_-wolves/21106972/,,,,,,,,,,skipped_filled,
12315,2024-08-17,Nott'm Forest,Bournemouth,1593036437,21106975,Nottingham,Bournemouth,premier_league-nottingham-bournemouth,https://userbet.info/lineups_fixture/premier_league-nottingham-bournemouth/21106975/,,,,,,,,,,skipped_filled,
12317,2024-08-18,Brentford,Crystal Palace,1593036428,21108237,Brentford,Crystal Palace,premier_league-brentford-crystal_palace,https://userbet.info/lineups_fixture/premier_league-brentford-crystal_palace/21108237/,,,,,,,,,,skipped_filled,
12318,2024-08-18,Chelsea,Man City,1593036435,21108238,Chelsea,Manchester City,premier_league-chelsea-manchester_city,https://userbet.info/lineups_fixture/premier_league-chelsea-manchester_city/21108238/,,,,,,,,,,skipped_filled,
12319,2024-08-19,Leicester,Tottenham,1593036426,21108906,Leicester,Tottenham,premier_league-leicester-tottenham,https://userbet.info/lineups_fixture/premier_league-leicester-tottenham/21108906/,,,,,,,,,,skipped_filled,
12324,2024-08-24,Southampton,Nott'm Forest,1595460302,21111137,Southampton,Nottingham,premier_league-southampton-nottingham,https://userbet.info/lineups_fixture/premier_league-southampton-nottingham/21111137/,1.88,2.04,3.11,-0.25,2.5,3.54,2.36,1.85,2.07,written,
12325,2024-08-24,Tottenham,Everton,1595460301,21111138,Tottenham,Everton,premier_league-tottenham-everton,https://userbet.info/lineups_fixture/premier_league-tottenham-everton/21111138/,1.93,1.99,8.2,-1.5,3.25,5.73,1.36,1.87,2.04,written,
12326,2024-08-24,Aston Villa,Arsenal,1595460303,21111139,Aston Villa,Arsenal,premier_league-aston_villa-arsenal_,https://userbet.info/lineups_fixture/premier_league-aston_villa-arsenal_/21111139/,1.94,1.98,1.74,0.75,2.75,4.02,4.89,2.0,1.91,written,
12321,2024-08-24,Crystal Palace,West Ham,1595457986,21111134,Crystal Palace,West Ham,premier_league-crystal_palace-west_ham,https://userbet.info/lineups_fixture/premier_league-crystal_palace-west_ham/21111134/,1.95,1.97,3.85,-0.5,2.75,3.85,1.96,1.83,2.09,written,
12322,2024-08-24,Fulham,Leicester,1595457989,21111135,Fulham,Leicester,premier_league-fulham-leicester,https://userbet.info/lineups_fixture/premier_league-fulham-leicester/21111135/,2.04,1.88,4.26,-0.5,2.5,3.81,1.88,1.87,2.04,written,
12323,2024-08-24,Man City,Ipswich,1595460293,21111136,Manchester City,Ipswich (Eng),premier_league-manchester_city-ipswich_eng,https://userbet.info/lineups_fixture/premier_league-manchester_city-ipswich_eng/21111136/,2.04,1.88,31.0,-2.5,3.75,11.0,1.1,1.98,1.91,written,
12320,2024-08-24,Brighton,Man United,1595460307,21111133,Brighton,Manchester Utd,premier_league-brighton-manchester_utd,https://userbet.info/lineups_fixture/premier_league-brighton-manchester_utd/21111133/,1.87,2.06,2.97,-0.25,3.0,3.76,2.36,1.88,2.03,written,
12328,2024-08-25,Wolves,Chelsea,1595460295,21112527,Wolves,Chelsea,premier_league-wolves-chelsea,https://userbet.info/lineups_fixture/premier_league-wolves-chelsea/21112527/,1.93,1.99,1.92,0.5,3.0,3.95,3.92,2.0,1.91,written,
12327,2024-08-25,Bournemouth,Newcastle,1595460291,21112526,Bournemouth,Newcastle,premier_league-bournemouth-newcastle,https://userbet.info/lineups_fixture/premier_league-bournemouth-newcastle/21112526/,1.98,1.94,2.68,0.0,3.0,3.65,2.63,1.92,1.99,written,
12329,2024-08-25,Liverpool,Brentford,1595460290,21112528,Liverpool,Brentford,premier_league-liverpool-brentford,https://userbet.info/lineups_fixture/premier_league-liverpool-brentford/21112528/,1.85,2.07,12.5,-2.0,3.5,7.75,1.22,1.85,2.04,written,
12334,2024-08-31,Leicester,Aston Villa,1595525846,21115436,Leicester,Aston Villa,premier_league-leicester-aston_villa,https://userbet.info/lineups_fixture/premier_league-leicester-aston_villa/21115436/,1.93,2.0,1.92,0.5,2.75,3.87,4.01,2.02,1.88,written,
12335,2024-08-31,Nott'm Forest,Wolves,1595525832,21115437,Nottingham,Wolves,premier_league-nottingham-wolves,https://userbet.info/lineups_fixture/premier_league-nottingham-wolves/21115437/,1.92,2.01,3.88,-0.5,2.5,3.7,2.0,1.9,2.01,written,
12336,2024-08-31,West Ham,Man City,1595525834,21115438,West Ham,Manchester City,premier_league-west_ham-manchester_city,https://userbet.info/lineups_fixture/premier_league-west_ham-manchester_city/21115438/,1.93,1.99,1.41,1.25,3.0,5.25,7.7,1.9,2.0,written,
12331,2024-08-31,Brentford,Southampton,1595525830,21115433,Brentford,Southampton,premier_league-brentford-southampton,https://userbet.info/lineups_fixture/premier_league-brentford-southampton/21115433/,1.86,2.07,4.46,-0.75,2.75,3.91,1.82,2.05,1.86,written,
12330,2024-08-31,Arsenal,Brighton,1595525837,21115432,Arsenal,Brighton,premier_league-arsenal_-brighton,https://userbet.info/lineups_fixture/premier_league-arsenal_-brighton/21115432/,1.85,2.09,8.43,-1.5,3.0,5.48,1.37,1.9,2.01,written,
12332,2024-08-31,Everton,Bournemouth,1595525824,21115434,Everton,Bournemouth,premier_league-everton-bournemouth,https://userbet.info/lineups_fixture/premier_league-everton-bournemouth/21115434/,2.06,1.87,2.39,0.25,2.5,3.45,3.13,1.88,2.04,written,
12333,2024-08-31,Ipswich,Fulham,1595525860,21115435,Ipswich (Eng),Fulham,premier_league-ipswich_eng-fulham,https://userbet.info/lineups_fixture/premier_league-ipswich_eng-fulham/21115435/,2.11,1.83,2.44,0.25,2.5,3.42,3.07,1.94,1.96,written,
12339,2024-09-01,Man United,Liverpool,1595525859,21116912,Manchester Utd,Liverpool,premier_league-manchester_utd-liverpool,https://userbet.info/lineups_fixture/premier_league-manchester_utd-liverpool/21116912/,2.01,1.91,2.0,0.5,3.25,4.1,3.5,1.93,1.98,written,
12337,2024-09-01,Chelsea,Crystal Palace,1595525845,21116910,Chelsea,Crystal Palace,premier_league-chelsea-crystal_palace,https://userbet.info/lineups_fixture/premier_league-chelsea-crystal_palace/21116910/,2.08,1.85,5.05,-0.75,3.0,4.24,1.68,1.88,2.03,written,
12338,2024-09-01,Newcastle,Tottenham,1595525831,21116911,Newcastle,Tottenham,premier_league-newcastle-tottenham,https://userbet.info/lineups_fixture/premier_league-newcastle-tottenham/21116911/,2.01,1.92,2.66,0.0,3.5,3.89,2.53,2.04,1.88,written,
12344,2024-09-14,Liverpool,Nott'm Forest,1596219971,21124165,Liverpool,Nottingham,premier_league-liverpool-nottingham,https://userbet.info/lineups_fixture/premier_league-liverpool-nottingham/21124165/,2.06,1.85,12.95,-1.75,3.25,7.07,1.22,1.85,2.05,written,
12345,2024-09-14,Man City,Brentford,1596219976,21124166,Manchester City,Brentford,premier_league-manchester_city-brentford,https://userbet.info/lineups_fixture/premier_league-manchester_city-brentford/21124166/,1.83,2.09,14.01,-2.0,3.25,7.22,1.21,1.93,1.95,written,
12346,2024-09-14,Aston Villa,Everton,1596219970,21124167,Aston Villa,Everton,premier_league-aston_villa-everton,https://userbet.info/lineups_fixture/premier_league-aston_villa-everton/21124167/,2.06,1.87,5.45,-0.75,2.75,3.99,1.68,2.02,1.88,written,
12347,2024-09-14,Bournemouth,Chelsea,1596219974,21124168,Bournemouth,Chelsea,premier_league-bournemouth-chelsea,https://userbet.info/lineups_fixture/premier_league-bournemouth-chelsea/21124168/,1.96,1.96,2.24,0.25,3.25,3.8,3.14,2.0,1.9,written,
12343,2024-09-14,Fulham,West Ham,1596219972,21124164,Fulham,West Ham,premier_league-fulham-west_ham,https://userbet.info/lineups_fixture/premier_league-fulham-west_ham/21124164/,1.89,2.04,3.21,-0.25,2.5,3.41,2.36,1.86,2.05,written,
12342,2024-09-14,Crystal Palace,Leicester,1596219973,21124163,Crystal Palace,Leicester,premier_league-crystal_palace-leicester,https://userbet.info/lineups_fixture/premier_league-crystal_palace-leicester/21124163/,2.05,1.88,5.39,-0.75,2.5,4.0,1.68,1.89,2.02,written,
12341,2024-09-14,Brighton,Ipswich,1596219979,21124162,Brighton,Ipswich (Eng),premier_league-brighton-ipswich_eng,https://userbet.info/lineups_fixture/premier_league-brighton-ipswich_eng/21124162/,2.04,1.89,6.23,-1.0,2.75,4.61,1.53,1.85,2.06,written,
12340,2024-09-14,Southampton,Man United,1596219975,21124161,Southampton,Manchester Utd,premier_league-southampton-manchester_utd,https://userbet.info/lineups_fixture/premier_league-southampton-manchester_utd/21124161/,2.06,1.87,1.83,0.75,3.0,4.11,4.19,1.9,2.0,written,
12349,2024-09-15,Wolves,Newcastle,1596219968,21125788,Wolves,Newcastle,premier_league-wolves-newcastle,https://userbet.info/lineups_fixture/premier_league-wolves-newcastle/21125788/,2.06,1.87,2.05,0.5,2.75,3.74,3.66,1.86,2.05,written,
12348,2024-09-15,Tottenham,Arsenal,1596219969,21125787,Tottenham,Arsenal,premier_league-tottenham-arsenal_,https://userbet.info/lineups_fixture/premier_league-tottenham-arsenal_/21125787/,1.91,2.01,2.62,0.0,3.0,3.52,2.76,2.06,1.85,written,
12354,2024-09-21,Liverpool,Bournemouth,1596625791,21128687,Liverpool,Bournemouth,premier_league-liverpool-bournemouth,https://userbet.info/lineups_fixture/premier_league-liverpool-bournemouth/21128687/,2.04,1.87,10.91,-1.75,3.75,6.85,1.25,1.99,1.9,written,
12355,2024-09-21,Southampton,Ipswich,1596625787,21128688,Southampton,Ipswich (Eng),premier_league-southampton-ipswich_eng,https://userbet.info/lineups_fixture/premier_league-southampton-ipswich_eng/21128688/,1.85,2.09,3.06,-0.25,2.75,3.48,2.42,2.04,1.88,written,
12356,2024-09-21,Tottenham,Brentford,1596625829,21128689,Tottenham,Brentford,premier_league-tottenham-brentford,https://userbet.info/lineups_fixture/premier_league-tottenham-brentford/21128689/,1.91,2.01,6.23,-1.25,3.5,5.1,1.48,2.02,1.88,written,
12357,2024-09-21,Crystal Palace,Man United,1596631013,21128690,Crystal Palace,Manchester Utd,premier_league-crystal_palace-manchester_utd,https://userbet.info/lineups_fixture/premier_league-crystal_palace-manchester_utd/21128690/,2.09,1.85,2.41,0.25,3.0,3.61,2.99,2.07,1.82,written,
12352,2024-09-21,Fulham,Newcastle,1596625831,21128685,Fulham,Newcastle,premier_league-fulham-newcastle,https://userbet.info/lineups_fixture/premier_league-fulham-newcastle/21128685/,2.09,1.85,2.41,0.25,2.75,3.57,3.02,1.88,2.03,written,
12353,2024-09-21,Leicester,Everton,1596625830,21128686,Leicester,Everton,premier_league-leicester-everton,https://userbet.info/lineups_fixture/premier_league-leicester-everton/21128686/,1.83,2.11,3.69,-0.5,2.75,3.56,2.1,1.99,1.92,written,
12350,2024-09-21,West Ham,Chelsea,1596616024,21128683,West Ham,Chelsea,premier_league-west_ham-chelsea,https://userbet.info/lineups_fixture/premier_league-west_ham-chelsea/21128683/,2.02,1.9,2.01,0.5,3.0,3.93,3.6,1.85,2.07,written,
12351,2024-09-21,Aston Villa,Wolves,1596625836,21128684,Aston Villa,Wolves,premier_league-aston_villa-wolves,https://userbet.info/lineups_fixture/premier_league-aston_villa-wolves/21128684/,2.05,1.88,5.06,-0.75,2.75,4.17,1.68,1.85,2.06,written,
12359,2024-09-22,Man City,Arsenal,1596679778,21130290,Manchester City,Arsenal,premier_league-manchester_city-arsenal_,https://userbet.info/lineups_fixture/premier_league-manchester_city-arsenal_/21130290/,1.87,2.06,4.84,-0.75,2.5,3.69,1.81,2.03,1.88,written,
12358,2024-09-22,Brighton,Nott'm Forest,1596671896,21130289,Brighton,Nottingham,premier_league-brighton-nottingham,https://userbet.info/lineups_fixture/premier_league-brighton-nottingham/21130289/,1.85,2.09,4.49,-0.75,2.75,3.83,1.83,2.06,1.85,written,
12362,2024-09-28,Brentford,West Ham,1597167213,21133818,Brentford,West Ham,premier_league-brentford-west_ham,https://userbet.info/lineups_fixture/premier_league-brentford-west_ham/21133818/,1.96,1.96,3.27,-0.25,3.0,3.56,2.26,2.08,1.84,written,
12360,2024-09-28,Newcastle,Man City,1597140348,21133816,Newcastle,Manchester City,premier_league-newcastle-manchester_city,https://userbet.info/lineups_fixture/premier_league-newcastle-manchester_city/21133816/,1.88,2.04,1.69,0.75,3.0,4.23,4.9,2.0,1.91,written,
12361,2024-09-28,Arsenal,Leicester,1597172895,21133817,Arsenal,Leicester,premier_league-arsenal_-leicester,https://userbet.info/lineups_fixture/premier_league-arsenal_-leicester/21133817/,2.07,1.85,17.5,-1.75,3.0,6.8,1.2,1.99,1.9,written,
12363,2024-09-28,Chelsea,Brighton,1597137693,21133819,Chelsea,Brighton,premier_league-chelsea-brighton,https://userbet.info/lineups_fixture/premier_league-chelsea-brighton/21133819/,1.89,2.04,4.15,-0.75,3.25,4.2,1.81,1.98,1.93,written,
12364,2024-09-28,Everton,Crystal Palace,1597214305,21133820,Everton,Crystal Palace,premier_league-everton-crystal_palace,https://userbet.info/lineups_fixture/premier_league-everton-crystal_palace/21133820/,1.93,1.99,2.7,0.0,2.5,3.35,2.79,1.93,1.98,written,
12365,2024-09-28,Nott'm Forest,Fulham,1597214304,21133821,Nottingham,Fulham,premier_league-nottingham-fulham,https://userbet.info/lineups_fixture/premier_league-nottingham-fulham/21133821/,2.09,1.85,3.0,0.0,2.25,3.16,2.65,2.0,1.91,written,
12366,2024-09-28,Wolves,Liverpool,1597172384,21133822,Wolves,Liverpool,premier_league-wolves-liverpool,https://userbet.info/lineups_fixture/premier_league-wolves-liverpool/21133822/,1.94,1.98,1.34,1.5,3.25,5.87,8.5,1.85,2.06,written,
12367,2024-09-29,Ipswich,Aston Villa,1597168576,21135426,Ipswich (Eng),Aston Villa,premier_league-ipswich_eng-aston_villa,https://userbet.info/lineups_fixture/premier_league-ipswich_eng-aston_villa/21135426/,2.11,1.83,2.1,0.5,2.5,3.59,3.65,1.85,2.07,written,
12368,2024-09-29,Man United,Tottenham,1597164052,21135427,Manchester Utd,Tottenham,premier_league-manchester_utd-tottenham,https://userbet.info/lineups_fixture/premier_league-manchester_utd-tottenham/21135427/,2.04,1.89,3.27,-0.25,3.25,3.89,2.15,1.89,2.02,written,
12369,2024-09-30,Bournemouth,Southampton,1597182757,21136522,Bournemouth,Southampton,premier_league-bournemouth-southampton,https://userbet.info/lineups_fixture/premier_league-bournemouth-southampton/21136522/,1.88,2.05,6.78,-1.25,3.0,4.69,1.49,1.93,1.97,written,
12374,2024-10-05,Man City,Fulham,1597638040,21138529,Manchester City,Fulham,premier_league-manchester_city-fulham,https://userbet.info/lineups_fixture/premier_league-manchester_city-fulham/21138529/,1.9,2.01,11.37,-1.75,3.0,6.52,1.26,1.81,2.07,written,
12375,2024-10-05,West Ham,Ipswich,1597596906,21138530,West Ham,Ipswich (Eng),premier_league-west_ham-ipswich_eng,https://userbet.info/lineups_fixture/premier_league-west_ham-ipswich_eng/21138530/,2.0,1.93,4.05,-0.5,2.75,3.84,1.92,1.93,1.98,written,
12376,2024-10-05,Everton,Newcastle,1597623936,21138531,Everton,Newcastle,premier_league-everton-newcastle,https://userbet.info/lineups_fixture/premier_league-everton-newcastle/21138531/,2.01,1.92,2.0,0.5,2.75,3.77,3.79,1.91,2.0,written,
12371,2024-10-05,Arsenal,Southampton,1597592821,21138526,Arsenal,Southampton,premier_league-arsenal_-southampton,https://userbet.info/lineups_fixture/premier_league-arsenal_-southampton/21138526/,2.04,1.88,18.91,-2.0,3.25,8.22,1.16,1.93,1.95,written,
12372,2024-10-05,Brentford,Wolves,1597607453,21138527,Brentford,Wolves,premier_league-brentford-wolves,https://userbet.info/lineups_fixture/premier_league-brentford-wolves/21138527/,2.1,1.84,3.6,-0.25,2.75,3.61,2.11,1.99,1.92,written,
12373,2024-10-05,Leicester,Bournemouth,1597639517,21138528,Leicester,Bournemouth,premier_league-leicester-bournemouth,https://userbet.info/lineups_fixture/premier_league-leicester-bournemouth/21138528/,2.02,1.91,2.01,0.5,3.0,3.82,3.72,2.04,1.87,written,
12370,2024-10-05,Crystal Palace,Liverpool,1597640988,21138525,Crystal Palace,Liverpool,premier_league-crystal_palace-liverpool,https://userbet.info/lineups_fixture/premier_league-crystal_palace-liverpool/21138525/,1.88,2.04,1.69,0.75,2.75,4.09,5.11,1.88,2.03,written,
12378,2024-10-06,Chelsea,Nott'm Forest,1597603711,21140053,Chelsea,Nottingham,premier_league-chelsea-nottingham,https://userbet.info/lineups_fixture/premier_league-chelsea-nottingham/21140053/,1.83,2.11,6.41,-1.25,3.0,4.7,1.51,1.99,1.92,written,
12379,2024-10-06,Brighton,Tottenham,1597648695,21140054,Brighton,Tottenham,premier_league-brighton-tottenham,https://userbet.info/lineups_fixture/premier_league-brighton-tottenham/21140054/,1.97,1.95,2.23,0.25,3.5,3.99,3.04,1.99,1.92,written,
12377,2024-10-06,Aston Villa,Man United,1597648683,21140052,Aston Villa,Manchester Utd,premier_league-aston_villa-manchester_utd,https://userbet.info/lineups_fixture/premier_league-aston_villa-manchester_utd/21140052/,2.08,1.85,3.35,-0.25,3.25,3.92,2.11,2.01,1.89,written,
12384,2024-10-19,Newcastle,Brighton,1598201351,21146352,Newcastle,Brighton,premier_league-newcastle-brighton,https://userbet.info/lineups_fixture/premier_league-newcastle-brighton/21146352/,1.96,1.96,4.67,-0.75,3.0,4.08,1.75,1.86,2.06,written,
12385,2024-10-19,Southampton,Leicester,1598201349,21146353,Southampton,Leicester,premier_league-southampton-leicester,https://userbet.info/lineups_fixture/premier_league-southampton-leicester/21146353/,2.0,1.93,3.41,-0.25,2.75,3.5,2.23,2.0,1.91,written,
12386,2024-10-19,Bournemouth,Arsenal,1598201350,21146354,Bournemouth,Arsenal,premier_league-bournemouth-arsenal_,https://userbet.info/lineups_fixture/premier_league-bournemouth-arsenal_/21146354/,2.0,1.93,1.76,0.75,2.5,3.7,5.16,1.96,1.93,written,
12381,2024-10-19,Fulham,Aston Villa,1598201347,21146349,Fulham,Aston Villa,premier_league-fulham-aston_villa,https://userbet.info/lineups_fixture/premier_league-fulham-aston_villa/21146349/,1.81,2.15,2.98,-0.25,2.75,3.46,2.48,2.06,1.85,written,
12382,2024-10-19,Ipswich,Everton,1598201346,21146350,Ipswich (Eng),Everton,premier_league-ipswich_eng-everton,https://userbet.info/lineups_fixture/premier_league-ipswich_eng-everton/21146350/,1.83,2.11,3.06,-0.25,2.5,3.43,2.44,1.88,2.03,written,
12383,2024-10-19,Man United,Brentford,1598201344,21146351,Manchester Utd,Brentford,premier_league-manchester_utd-brentford,https://userbet.info/lineups_fixture/premier_league-manchester_utd-brentford/21146351/,2.1,1.84,4.92,-0.75,3.25,4.41,1.67,2.04,1.88,written,
12380,2024-10-19,Tottenham,West Ham,1598201352,21146348,Tottenham,West Ham,premier_league-tottenham-west_ham,https://userbet.info/lineups_fixture/premier_league-tottenham-west_ham/21146348/,1.99,1.93,6.25,-1.25,3.5,5.45,1.45,1.9,2.0,written,
12387,2024-10-20,Wolves,Man City,1598201345,21147987,Wolves,Manchester City,premier_league-wolves-manchester_city,https://userbet.info/lineups_fixture/premier_league-wolves-manchester_city/21147987/,2.09,1.85,1.38,1.5,3.25,5.46,8.08,2.05,1.87,written,
12388,2024-10-20,Liverpool,Chelsea,1598201348,21147988,Liverpool,Chelsea,premier_league-liverpool-chelsea,https://userbet.info/lineups_fixture/premier_league-liverpool-chelsea/21147988/,2.02,1.91,4.55,-0.75,3.5,4.4,1.72,2.06,1.85,written,
12389,2024-10-21,Nott'm Forest,Crystal Palace,1598201343,21149099,Nottingham,Crystal Palace,premier_league-nottingham-crystal_palace,https://userbet.info/lineups_fixture/premier_league-nottingham-crystal_palace/21149099/,1.88,2.04,3.29,-0.25,2.25,3.3,2.38,2.06,1.85,written,
12390,2024-10-25,Leicester,Nott'm Forest,1598713707,21150307,Leicester,Nottingham,premier_league-leicester-nottingham,https://userbet.info/lineups_fixture/premier_league-leicester-nottingham/21150307/,2.14,1.81,2.49,0.25,2.5,3.39,3.02,2.03,1.88,written,
12395,2024-10-26,Everton,Fulham,1598742304,21151130,Everton,Fulham,premier_league-everton-fulham,https://userbet.info/lineups_fixture/premier_league-everton-fulham/21151130/,1.97,1.95,2.73,0.0,2.75,3.36,2.71,2.04,1.88,written,
12391,2024-10-26,Aston Villa,Bournemouth,1598742294,21151126,Aston Villa,Bournemouth,premier_league-aston_villa-bournemouth,https://userbet.info/lineups_fixture/premier_league-aston_villa-bournemouth/21151126/,1.9,2.03,4.54,-0.75,3.0,3.97,1.79,2.05,1.86,written,
12392,2024-10-26,Brentford,Ipswich,1598742293,21151127,Brentford,Ipswich (Eng),premier_league-brentford-ipswich_eng,https://userbet.info/lineups_fixture/premier_league-brentford-ipswich_eng/21151127/,2.08,1.86,5.19,-0.75,2.75,4.16,1.68,1.89,2.02,written,
12393,2024-10-26,Brighton,Wolves,1598742291,21151128,Brighton,Wolves,premier_league-brighton-wolves,https://userbet.info/lineups_fixture/premier_league-brighton-wolves/21151128/,1.96,1.96,5.79,-1.0,3.0,4.41,1.58,2.01,1.89,written,
12394,2024-10-26,Man City,Southampton,1598742301,21151129,Manchester City,Southampton,premier_league-manchester_city-southampton,https://userbet.info/lineups_fixture/premier_league-manchester_city-southampton/21151129/,1.97,1.93,24.5,-2.5,4.0,10.5,1.12,2.01,1.88,written,
12399,2024-10-27,Arsenal,Liverpool,1598742308,21152580,Arsenal,Liverpool,premier_league-arsenal_-liverpool,https://userbet.info/lineups_fixture/premier_league-arsenal_-liverpool/21152580/,1.96,1.96,3.35,-0.25,2.5,3.45,2.27,1.9,2.01,written,
12398,2024-10-27,West Ham,Man United,1598742292,21152579,West Ham,Manchester Utd,premier_league-west_ham-manchester_utd,https://userbet.info/lineups_fixture/premier_league-west_ham-manchester_utd/21152579/,1.88,2.05,2.15,0.25,2.75,3.72,3.39,1.83,2.07,written,
12397,2024-10-27,Crystal Palace,Tottenham,1598742288,21152578,Crystal Palace,Tottenham,premier_league-crystal_palace-tottenham,https://userbet.info/lineups_fixture/premier_league-crystal_palace-tottenham/21152578/,1.96,1.96,1.95,0.5,3.0,3.97,3.78,1.84,2.08,written,
12396,2024-10-27,Chelsea,Newcastle,1598742315,21152577,Chelsea,Newcastle,premier_league-chelsea-newcastle,https://userbet.info/lineups_fixture/premier_league-chelsea-newcastle/21152577/,1.91,2.02,4.41,-0.75,3.25,4.08,1.79,2.06,1.85,written,
12404,2024-11-02,Nott'm Forest,West Ham,1599289783,21155554,Nottingham,West Ham,premier_league-nottingham-west_ham,https://userbet.info/lineups_fixture/premier_league-nottingham-west_ham/21155554/,1.87,2.06,3.95,-0.5,2.5,3.46,2.05,2.03,1.88,written,
12400,2024-11-02,Newcastle,Arsenal,1599289278,21155550,Newcastle,Arsenal,premier_league-newcastle-arsenal_,https://userbet.info/lineups_fixture/premier_league-newcastle-arsenal_/21155550/,1.97,1.95,1.96,0.5,2.5,3.69,4.03,1.95,1.95,written,
12406,2024-11-02,Wolves,Crystal Palace,1599269092,21155556,Wolves,Crystal Palace,premier_league-wolves-crystal_palace,https://userbet.info/lineups_fixture/premier_league-wolves-crystal_palace/21155556/,1.83,2.1,3.14,-0.25,2.5,3.33,2.45,2.02,1.89,written,
12405,2024-11-02,Southampton,Everton,1599289797,21155555,Southampton,Everton,premier_league-southampton-everton,https://userbet.info/lineups_fixture/premier_league-southampton-everton/21155555/,1.99,1.93,2.79,0.0,2.5,3.31,2.72,2.0,1.9,written,
12401,2024-11-02,Bournemouth,Man City,1599289280,21155551,Bournemouth,Manchester City,premier_league-bournemouth-manchester_city,https://userbet.info/lineups_fixture/premier_league-bournemouth-manchester_city/21155551/,1.93,2.0,1.56,1.0,3.0,4.43,6.14,1.9,2.01,written,
12402,2024-11-02,Ipswich,Leicester,1599289784,21155552,Ipswich (Eng),Leicester,premier_league-ipswich_eng-leicester,https://userbet.info/lineups_fixture/premier_league-ipswich_eng-leicester/21155552/,1.88,2.05,3.09,-0.25,2.75,3.57,2.36,1.9,2.0,written,
12403,2024-11-02,Liverpool,Brighton,1599285394,21155553,Liverpool,Brighton,premier_league-liverpool-brighton,https://userbet.info/lineups_fixture/premier_league-liverpool-brighton/21155553/,1.93,2.0,7.93,-1.5,3.5,5.79,1.36,2.04,1.88,written,
12408,2024-11-03,Man United,Chelsea,1599289791,21156903,Manchester Utd,Chelsea,premier_league-manchester_utd-chelsea,https://userbet.info/lineups_fixture/premier_league-manchester_utd-chelsea/21156903/,1.92,2.0,2.6,0.0,3.25,3.65,2.71,2.0,1.91,written,
12407,2024-11-03,Tottenham,Aston Villa,1599289796,21156902,Tottenham,Aston Villa,premier_league-tottenham-aston_villa,https://userbet.info/lineups_fixture/premier_league-tottenham-aston_villa/21156902/,1.93,2.0,3.59,-0.5,3.25,4.04,1.99,1.96,1.94,written,
12409,2024-11-04,Fulham,Brentford,1599289778,21158157,Fulham,Brentford,premier_league-fulham-brentford,https://userbet.info/lineups_fixture/premier_league-fulham-brentford/21158157/,1.92,2.01,3.85,-0.5,2.75,3.71,2.0,1.92,1.99,written,
12415,2024-11-09,Liverpool,Aston Villa,1599708532,21159907,Liverpool,Aston Villa,premier_league-liverpool-aston_villa,https://userbet.info/lineups_fixture/premier_league-liverpool-aston_villa/21159907/,1.88,2.06,7.0,-1.25,3.0,4.9,1.47,1.93,1.97,written,
12412,2024-11-09,West Ham,Everton,1599734334,21159904,West Ham,Everton,premier_league-west_ham-everton,https://userbet.info/lineups_fixture/premier_league-west_ham-everton/21159904/,2.04,1.88,3.51,-0.25,2.5,3.53,2.18,1.95,1.95,written,
12411,2024-11-09,Crystal Palace,Fulham,1599734788,21159903,Crystal Palace,Fulham,premier_league-crystal_palace-fulham,https://userbet.info/lineups_fixture/premier_league-crystal_palace-fulham/21159903/,2.0,1.93,2.34,0.25,2.25,3.3,3.37,1.91,2.0,written,
12410,2024-11-09,Brentford,Bournemouth,1599734776,21159902,Brentford,Bournemouth,premier_league-brentford-bournemouth,https://userbet.info/lineups_fixture/premier_league-brentford-bournemouth/21159902/,2.0,1.93,2.74,0.0,2.75,3.53,2.64,1.89,2.01,written,
12413,2024-11-09,Wolves,Southampton,1599734762,21159905,Wolves,Southampton,premier_league-wolves-southampton,https://userbet.info/lineups_fixture/premier_league-wolves-southampton/21159905/,1.96,1.96,4.01,-0.5,2.75,3.75,1.95,1.92,1.99,written,
12414,2024-11-09,Brighton,Man City,1599716281,21159906,Brighton,Manchester City,premier_league-brighton-manchester_city,https://userbet.info/lineups_fixture/premier_league-brighton-manchester_city/21159906/,2.08,1.85,1.83,0.75,3.25,4.15,4.1,1.99,1.92,written,
12416,2024-11-10,Man United,Leicester,1599708528,21161147,Manchester Utd,Leicester,premier_league-manchester_utd-leicester,https://userbet.info/lineups_fixture/premier_league-manchester_utd-leicester/21161147/,1.98,1.94,9.64,-1.5,3.0,5.68,1.33,1.85,2.07,written,
12417,2024-11-10,Nott'm Forest,Newcastle,1599734779,21161148,Nottingham,Newcastle,premier_league-nottingham-newcastle,https://userbet.info/lineups_fixture/premier_league-nottingham-newcastle/21161148/,1.93,2.0,2.72,0.0,2.5,3.3,2.81,1.97,1.93,written,
12418,2024-11-10,Tottenham,Ipswich,1599708529,21161149,Tottenham,Ipswich (Eng),premier_league-tottenham-ipswich_eng,https://userbet.info/lineups_fixture/premier_league-tottenham-ipswich_eng/21161149/,2.04,1.87,10.8,-1.75,3.5,6.6,1.26,1.9,1.99,written,
12419,2024-11-10,Chelsea,Arsenal,1599734759,21161150,Chelsea,Arsenal,premier_league-chelsea-arsenal_,https://userbet.info/lineups_fixture/premier_league-chelsea-arsenal_/21161150/,1.81,2.15,2.52,0.0,2.75,3.35,3.0,2.06,1.85,written,
12424,2024-11-23,Everton,Brentford,1600190517,21166257,Everton,Brentford,premier_league-everton-brentford,https://userbet.info/lineups_fixture/premier_league-everton-brentford/21166257/,1.88,2.05,3.18,-0.25,2.5,3.42,2.38,1.88,2.03,written,
12425,2024-11-23,Fulham,Wolves,1600190498,21166258,Fulham,Wolves,premier_league-fulham-wolves,https://userbet.info/lineups_fixture/premier_league-fulham-wolves/21166258/,1.98,1.94,5.91,-1.0,3.0,4.43,1.57,2.03,1.88,written,
12426,2024-11-23,Man City,Tottenham,1600190504,21166259,Manchester City,Tottenham,premier_league-manchester_city-tottenham,https://userbet.info/lineups_fixture/premier_league-manchester_city-tottenham/21166259/,2.07,1.84,6.71,-1.25,3.5,5.28,1.44,1.86,2.05,written,
12423,2024-11-23,Bournemouth,Brighton,1600190520,21166256,Bournemouth,Brighton,premier_league-bournemouth-brighton,https://userbet.info/lineups_fixture/premier_league-bournemouth-brighton/21166256/,2.12,1.83,2.87,0.0,3.0,3.6,2.49,1.92,1.99,written,
12422,2024-11-23,Aston Villa,Crystal Palace,1600190501,21166255,Aston Villa,Crystal Palace,premier_league-aston_villa-crystal_palace,https://userbet.info/lineups_fixture/premier_league-aston_villa-crystal_palace/21166255/,1.93,1.99,5.0,-0.75,2.5,3.83,1.76,1.9,2.01,written,
12421,2024-11-23,Arsenal,Nott'm Forest,1600190486,21166254,Arsenal,Nottingham,premier_league-arsenal_-nottingham,https://userbet.info/lineups_fixture/premier_league-arsenal_-nottingham/21166254/,1.96,1.96,8.85,-1.25,2.5,4.79,1.41,1.89,2.02,written,
12420,2024-11-23,Leicester,Chelsea,1600190516,21166253,Leicester,Chelsea,premier_league-leicester-chelsea,https://userbet.info/lineups_fixture/premier_league-leicester-chelsea/21166253/,1.98,1.94,1.45,1.25,3.0,5.0,7.0,1.94,1.96,written,
12427,2024-11-24,Southampton,Liverpool,1600190481,21167440,Southampton,Liverpool,premier_league-southampton-liverpool,https://userbet.info/lineups_fixture/premier_league-southampton-liverpool/21167440/,1.92,2.01,1.31,1.5,3.5,5.95,10.0,2.04,1.87,written,
12428,2024-11-24,Ipswich,Man United,1600190499,21167441,Ipswich (Eng),Manchester Utd,premier_league-ipswich_eng-manchester_utd,https://userbet.info/lineups_fixture/premier_league-ipswich_eng-manchester_utd/21167441/,1.85,2.09,1.66,0.75,3.0,4.19,5.24,2.08,1.84,written,
12429,2024-11-25,Newcastle,West Ham,1600190487,21168261,Newcastle,West Ham,premier_league-newcastle-west_ham,https://userbet.info/lineups_fixture/premier_league-newcastle-west_ham/21168261/,1.88,2.05,6.64,-1.25,3.25,4.71,1.5,2.05,1.87,written,
12430,2024-11-29,Brighton,Southampton,1600830067,21169016,Brighton,Southampton,premier_league-brighton-southampton,https://userbet.info/lineups_fixture/premier_league-brighton-southampton/21169016/,1.9,2.01,7.25,-1.5,3.5,5.68,1.38,1.96,1.93,written,
12431,2024-11-30,Brentford,Leicester,1600830068,21169435,Brentford,Leicester,premier_league-brentford-leicester,https://userbet.info/lineups_fixture/premier_league-brentford-leicester/21169435/,1.88,2.04,5.37,-1.0,3.0,4.36,1.63,2.0,1.91,written,
12435,2024-11-30,West Ham,Arsenal,1600830069,21169439,West Ham,Arsenal,premier_league-west_ham-arsenal_,https://userbet.info/lineups_fixture/premier_league-west_ham-arsenal_/21169439/,1.98,1.94,1.45,1.25,2.75,4.89,7.34,1.83,2.08,written,
12432,2024-11-30,Crystal Palace,Newcastle,1600831702,21169436,Crystal Palace,Newcastle,premier_league-crystal_palace-newcastle,https://userbet.info/lineups_fixture/premier_league-crystal_palace-newcastle/21169436/,1.96,1.96,2.27,0.25,2.5,3.53,3.3,1.88,2.03,written,
12433,2024-11-30,Nott'm Forest,Ipswich,1600831339,21169437,Nottingham,Ipswich (Eng),premier_league-nottingham-ipswich_eng,https://userbet.info/lineups_fixture/premier_league-nottingham-ipswich_eng/21169437/,1.98,1.93,5.13,-0.75,2.75,3.9,1.73,2.02,1.89,written,
12434,2024-11-30,Wolves,Bournemouth,1600831338,21169438,Wolves,Bournemouth,premier_league-wolves-bournemouth,https://userbet.info/lineups_fixture/premier_league-wolves-bournemouth/21169438/,1.93,1.99,2.66,0.0,2.75,3.48,2.75,1.98,1.93,written,
12437,2024-12-01,Man United,Everton,1600831341,21170495,Manchester Utd,Everton,premier_league-manchester_utd-everton,https://userbet.info/lineups_fixture/premier_league-manchester_utd-everton/21170495/,1.86,2.07,5.98,-1.0,2.5,4.07,1.62,1.85,2.06,written,
12436,2024-12-01,Chelsea,Aston Villa,1600831705,21170494,Chelsea,Aston Villa,premier_league-chelsea-aston_villa,https://userbet.info/lineups_fixture/premier_league-chelsea-aston_villa/21170494/,1.96,1.96,4.69,-0.75,3.0,4.07,1.75,1.92,1.99,written,
12438,2024-12-01,Tottenham,Fulham,1600831704,21170496,Tottenham,Fulham,premier_league-tottenham-fulham,https://userbet.info/lineups_fixture/premier_league-tottenham-fulham/21170496/,1.93,1.99,3.6,-0.5,3.25,4.06,1.98,1.86,2.05,written,
12439,2024-12-01,Liverpool,Man City,1600831342,21170497,Liverpool,Manchester City,premier_league-liverpool-manchester_city,https://userbet.info/lineups_fixture/premier_league-liverpool-manchester_city/21170497/,1.86,2.07,3.6,-0.5,3.0,3.76,2.06,1.88,2.02,written,
12440,2024-12-03,Ipswich,Crystal Palace,1601128914,21171425,Ipswich (Eng),Crystal Palace,premier_league-ipswich_eng-crystal_palace,https://userbet.info/lineups_fixture/premier_league-ipswich_eng-crystal_palace/21171425/,1.98,1.94,2.3,0.25,2.5,3.39,3.35,2.04,1.88,written,
12441,2024-12-03,Leicester,West Ham,1601133380,21171426,Leicester,West Ham,premier_league-leicester-west_ham,https://userbet.info/lineups_fixture/premier_league-leicester-west_ham/21171426/,2.1,1.84,2.42,0.25,2.75,3.5,3.04,2.02,1.89,written,
12446,2024-12-04,Arsenal,Man United,1601133426,21171676,Arsenal,Manchester Utd,premier_league-arsenal_-manchester_utd,https://userbet.info/lineups_fixture/premier_league-arsenal_-manchester_utd/21171676/,1.86,2.07,6.64,-1.25,3.0,4.89,1.48,2.04,1.88,written,
12447,2024-12-04,Aston Villa,Brentford,1601133516,21171677,Aston Villa,Brentford,premier_league-aston_villa-brentford,https://userbet.info/lineups_fixture/premier_league-aston_villa-brentford/21171677/,2.08,1.85,5.06,-0.75,3.0,4.23,1.68,1.91,2.0,written,
12444,2024-12-04,Newcastle,Liverpool,1601133517,21171674,Newcastle,Liverpool,premier_league-newcastle-liverpool,https://userbet.info/lineups_fixture/premier_league-newcastle-liverpool/21171674/,2.05,1.88,2.04,0.5,3.0,3.74,3.68,2.05,1.86,written,
12445,2024-12-04,Southampton,Chelsea,1601133428,21171675,Southampton,Chelsea,premier_league-southampton-chelsea,https://userbet.info/lineups_fixture/premier_league-southampton-chelsea/21171675/,1.87,2.07,1.33,1.5,3.5,5.95,9.07,1.98,1.93,written,
12443,2024-12-04,Man City,Nott'm Forest,1601135971,21171673,Manchester City,Nottingham,premier_league-manchester_city-nottingham,https://userbet.info/lineups_fixture/premier_league-manchester_city-nottingham/21171673/,2.05,1.88,10.02,-1.5,3.25,5.88,1.31,2.01,1.9,written,
12442,2024-12-04,Everton,Wolves,1601145366,21171672,Everton,Wolves,premier_league-everton-wolves,https://userbet.info/lineups_fixture/premier_league-everton-wolves/21171672/,2.1,1.84,3.8,-0.25,2.5,3.36,2.14,2.09,1.83,written,
12448,2024-12-05,Fulham,Brighton,1601133432,21171940,Fulham,Brighton,premier_league-fulham-brighton,https://userbet.info/lineups_fixture/premier_league-fulham-brighton/21171940/,1.98,1.94,2.7,0.0,2.75,3.6,2.64,1.9,2.01,written,
12449,2024-12-05,Bournemouth,Tottenham,1601139934,21171941,Bournemouth,Tottenham,premier_league-bournemouth-tottenham,https://userbet.info/lineups_fixture/premier_league-bournemouth-tottenham/21171941/,1.97,1.95,3.06,-0.25,3.25,4.0,2.21,1.91,1.99,written,
12452,2024-12-07,Crystal Palace,Man City,1601487375,21172475,Crystal Palace,Manchester City,premier_league-crystal_palace-manchester_city,https://userbet.info/lineups_fixture/premier_league-crystal_palace-manchester_city/21172475/,1.97,1.95,1.75,0.75,3.0,4.04,4.7,2.04,1.87,written,
12453,2024-12-07,Man United,Nott'm Forest,1601488061,21172476,Manchester Utd,Nottingham,premier_league-manchester_utd-nottingham,https://userbet.info/lineups_fixture/premier_league-manchester_utd-nottingham/21172476/,2.04,1.89,5.32,-0.75,2.75,3.98,1.69,2.05,1.87,written,
12450,2024-12-07,Aston Villa,Southampton,1601487374,21172473,Aston Villa,Southampton,premier_league-aston_villa-southampton,https://userbet.info/lineups_fixture/premier_league-aston_villa-southampton/21172473/,2.03,1.9,9.42,-1.5,3.25,5.79,1.33,1.99,1.92,written,
12451,2024-12-07,Brentford,Newcastle,1601487373,21172474,Brentford,Newcastle,premier_league-brentford-newcastle,https://userbet.info/lineups_fixture/premier_league-brentford-newcastle/21172474/,2.04,1.89,2.33,0.25,3.0,3.74,3.02,1.95,1.95,written,
12455,2024-12-08,Ipswich,Bournemouth,1601511055,21173439,Ipswich (Eng),Bournemouth,premier_league-ipswich_eng-bournemouth,https://userbet.info/lineups_fixture/premier_league-ipswich_eng-bournemouth/21173439/,2.0,1.93,1.99,0.5,2.75,3.81,3.8,1.85,2.06,written,
12454,2024-12-08,Fulham,Arsenal,1601516562,21173438,Fulham,Arsenal,premier_league-fulham-arsenal_,https://userbet.info/lineups_fixture/premier_league-fulham-arsenal_/21173438/,1.81,2.11,1.64,0.75,2.75,4.2,5.49,2.0,1.9,written,
12456,2024-12-08,Leicester,Brighton,1601509329,21173440,Leicester,Brighton,premier_league-leicester-brighton,https://userbet.info/lineups_fixture/premier_league-leicester-brighton/21173440/,1.85,2.08,1.68,0.75,3.0,4.28,4.99,1.92,1.99,written,
12457,2024-12-08,Tottenham,Chelsea,1601511054,21173441,Tottenham,Chelsea,premier_league-tottenham-chelsea,https://userbet.info/lineups_fixture/premier_league-tottenham-chelsea/21173441/,1.98,1.94,2.23,0.25,3.5,4.12,2.96,1.86,2.05,written,
12458,2024-12-09,West Ham,Wolves,1601509335,21174140,West Ham,Wolves,premier_league-west_ham-wolves,https://userbet.info/lineups_fixture/premier_league-west_ham-wolves/21174140/,1.88,2.06,4.37,-0.75,2.75,3.99,1.82,1.88,2.02,written,
12463,2024-12-14,Nott'm Forest,Aston Villa,1601706880,21175189,Nottingham,Aston Villa,premier_league-nottingham-aston_villa,https://userbet.info/lineups_fixture/premier_league-nottingham-aston_villa/21175189/,1.99,1.93,2.82,0.0,2.25,3.27,2.73,1.87,2.04,written,
12462,2024-12-14,Wolves,Ipswich,1601706878,21175188,Wolves,Ipswich (Eng),premier_league-wolves-ipswich_eng,https://userbet.info/lineups_fixture/premier_league-wolves-ipswich_eng/21175188/,1.93,2.0,3.94,-0.5,2.75,3.68,1.99,2.06,1.85,written,
12461,2024-12-14,Newcastle,Leicester,1601700558,21175187,Newcastle,Leicester,premier_league-newcastle-leicester,https://userbet.info/lineups_fixture/premier_league-newcastle-leicester/21175187/,1.92,1.99,9.48,-1.75,3.5,6.27,1.29,1.99,1.9,written,
12460,2024-12-14,Liverpool,Fulham,1601706877,21175186,Liverpool,Fulham,premier_league-liverpool-fulham,https://userbet.info/lineups_fixture/premier_league-liverpool-fulham/21175186/,1.89,2.02,9.68,-1.75,3.5,6.17,1.29,2.03,1.86,written,
12459,2024-12-14,Arsenal,Everton,1601706879,21175185,Arsenal,Everton,premier_league-arsenal_-everton,https://userbet.info/lineups_fixture/premier_league-arsenal_-everton/21175185/,1.87,2.04,13.0,-1.75,3.0,6.5,1.25,2.06,1.84,written,
12464,2024-12-15,Brighton,Crystal Palace,1601708112,21175952,Brighton,Crystal Palace,premier_league-brighton-crystal_palace,https://userbet.info/lineups_fixture/premier_league-brighton-crystal_palace/21175952/,1.95,1.97,4.0,-0.5,2.75,3.71,1.96,2.01,1.9,written,
12467,2024-12-15,Southampton,Tottenham,1601867704,21175955,Southampton,Tottenham,premier_league-southampton-tottenham,https://userbet.info/lineups_fixture/premier_league-southampton-tottenham/21175955/,1.98,1.94,1.79,0.75,4.0,4.49,4.04,2.07,1.85,written,
12466,2024-12-15,Chelsea,Brentford,1601708114,21175954,Chelsea,Brentford,premier_league-chelsea-brentford,https://userbet.info/lineups_fixture/premier_league-chelsea-brentford/21175954/,2.05,1.88,8.3,-1.5,3.75,6.35,1.32,2.04,1.87,written,
12465,2024-12-15,Man City,Man United,1601708113,21175953,Manchester City,Manchester Utd,premier_league-manchester_city-manchester_utd,https://userbet.info/lineups_fixture/premier_league-manchester_city-manchester_utd/21175953/,2.09,1.85,5.85,-1.0,3.25,4.9,1.53,2.02,1.89,written,
12468,2024-12-16,Bournemouth,West Ham,1601706882,21176646,Bournemouth,West Ham,premier_league-bournemouth-west_ham,https://userbet.info/lineups_fixture/premier_league-bournemouth-west_ham/21176646/,1.93,2.0,4.42,-0.75,3.0,4.13,1.78,1.88,2.04,written,
12473,2024-12-21,Crystal Palace,Arsenal,1601873978,21177548,Crystal Palace,Arsenal,premier_league-crystal_palace-arsenal_,https://userbet.info/lineups_fixture/premier_league-crystal_palace-arsenal_/21177548/,2.09,1.85,1.47,1.25,2.75,4.6,7.6,2.07,1.85,written,
12472,2024-12-21,West Ham,Brighton,1601876020,21177547,West Ham,Brighton,premier_league-west_ham-brighton,https://userbet.info/lineups_fixture/premier_league-west_ham-brighton/21177547/,1.84,2.1,2.49,0.0,3.25,3.64,2.84,2.01,1.89,written,
12471,2024-12-21,Ipswich,Newcastle,1601886792,21177546,Ipswich (Eng),Newcastle,premier_league-ipswich_eng-newcastle,https://userbet.info/lineups_fixture/premier_league-ipswich_eng-newcastle/21177546/,1.93,2.0,1.72,0.75,3.0,4.27,4.61,1.97,1.93,written,
12470,2024-12-21,Brentford,Nott'm Forest,1601876022,21177545,Brentford,Nottingham,premier_league-brentford-nottingham,https://userbet.info/lineups_fixture/premier_league-brentford-nottingham/21177545/,2.06,1.87,2.78,0.0,3.0,3.66,2.53,1.97,1.93,written,
12469,2024-12-21,Aston Villa,Man City,1601876026,21177544,Aston Villa,Manchester City,premier_league-aston_villa-manchester_city,https://userbet.info/lineups_fixture/premier_league-aston_villa-manchester_city/21177544/,1.96,1.96,2.25,0.25,3.0,3.68,3.21,2.06,1.85,written,
12478,2024-12-22,Tottenham,Liverpool,1601876023,21178143,Tottenham,Liverpool,premier_league-tottenham-liverpool,https://userbet.info/lineups_fixture/premier_league-tottenham-liverpool/21178143/,2.04,1.89,1.65,1.0,3.75,4.55,4.9,1.93,1.97,written,
12474,2024-12-22,Everton,Chelsea,1601876019,21178139,Everton,Chelsea,premier_league-everton-chelsea,https://userbet.info/lineups_fixture/premier_league-everton-chelsea/21178139/,1.88,2.05,1.68,0.75,3.0,4.13,5.03,2.04,1.87,written,
12475,2024-12-22,Fulham,Southampton,1601873979,21178140,Fulham,Southampton,premier_league-fulham-southampton,https://userbet.info/lineups_fixture/premier_league-fulham-southampton/21178140/,1.88,2.05,5.88,-1.0,2.75,4.16,1.61,1.95,1.95,written,
12476,2024-12-22,Leicester,Wolves,1601876025,21178141,Leicester,Wolves,premier_league-leicester-wolves,https://userbet.info/lineups_fixture/premier_league-leicester-wolves/21178141/,2.09,1.85,2.41,0.25,2.75,3.51,3.05,1.85,2.07,written,
12477,2024-12-22,Man United,Bournemouth,1601876021,21178142,Manchester Utd,Bournemouth,premier_league-manchester_utd-bournemouth,https://userbet.info/lineups_fixture/premier_league-manchester_utd-bournemouth/21178142/,2.07,1.87,4.38,-0.5,2.75,3.8,1.86,1.93,1.97,written,
12483,2024-12-26,Nott'm Forest,Tottenham,1602179431,21178883,Nottingham,Tottenham,premier_league-nottingham-tottenham,https://userbet.info/lineups_fixture/premier_league-nottingham-tottenham/21178883/,2.02,1.9,3.21,-0.25,3.25,3.93,2.16,1.86,2.05,written,
12484,2024-12-26,Southampton,West Ham,1602179432,21178884,Southampton,West Ham,premier_league-southampton-west_ham,https://userbet.info/lineups_fixture/premier_league-southampton-west_ham/21178884/,2.02,1.91,2.31,0.25,2.75,3.63,3.12,1.93,1.97,written,
12485,2024-12-26,Wolves,Man United,1602171035,21178885,Wolves,Manchester Utd,premier_league-wolves-manchester_utd,https://userbet.info/lineups_fixture/premier_league-wolves-manchester_utd/21178885/,2.08,1.85,1.83,0.75,2.75,3.96,4.32,1.94,1.96,written,
12486,2024-12-26,Liverpool,Leicester,1602175220,21178886,Liverpool,Leicester,premier_league-liverpool-leicester,https://userbet.info/lineups_fixture/premier_league-liverpool-leicester/21178886/,1.91,1.98,24.0,-3.0,4.25,12.0,1.1,1.93,1.94,written,
12479,2024-12-26,Man City,Everton,1602175326,21178879,Manchester City,Everton,premier_league-manchester_city-everton,https://userbet.info/lineups_fixture/premier_league-manchester_city-everton/21178879/,1.91,2.02,9.0,-1.5,3.25,5.5,1.36,2.07,1.85,written,
12480,2024-12-26,Bournemouth,Crystal Palace,1602171036,21178880,Bournemouth,Crystal Palace,premier_league-bournemouth-crystal_palace,https://userbet.info/lineups_fixture/premier_league-bournemouth-crystal_palace/21178880/,1.88,2.05,3.7,-0.5,2.75,3.73,2.04,1.88,2.03,written,
12481,2024-12-26,Chelsea,Fulham,1602182021,21178881,Chelsea,Fulham,premier_league-chelsea-fulham,https://userbet.info/lineups_fixture/premier_league-chelsea-fulham/21178881/,1.93,2.0,6.99,-1.25,3.25,4.98,1.45,2.04,1.87,written,
12482,2024-12-26,Newcastle,Aston Villa,1602179433,21178882,Newcastle,Aston Villa,premier_league-newcastle-aston_villa,https://userbet.info/lineups_fixture/premier_league-newcastle-aston_villa/21178882/,1.97,1.95,3.89,-0.5,3.0,3.87,1.94,2.03,1.88,written,
12488,2024-12-27,Arsenal,Ipswich,1602175342,21179130,Arsenal,Ipswich (Eng),premier_league-arsenal_-ipswich_eng,https://userbet.info/lineups_fixture/premier_league-arsenal_-ipswich_eng/21179130/,1.9,2.01,24.0,-2.25,3.5,9.0,1.14,2.03,1.86,written,
12487,2024-12-27,Brighton,Brentford,1602171034,21179129,Brighton,Brentford,premier_league-brighton-brentford,https://userbet.info/lineups_fixture/premier_league-brighton-brentford/21179129/,1.88,2.05,5.05,-1.0,3.25,4.6,1.63,1.89,2.01,written,
12493,2024-12-29,Tottenham,Wolves,1602413667,21179414,Tottenham,Wolves,premier_league-tottenham-wolves,https://userbet.info/lineups_fixture/premier_league-tottenham-wolves/21179414/,2.08,1.85,4.53,-0.75,3.5,4.61,1.68,1.98,1.93,written,
12494,2024-12-29,West Ham,Liverpool,1602415922,21179415,West Ham,Liverpool,premier_league-west_ham-liverpool,https://userbet.info/lineups_fixture/premier_league-west_ham-liverpool/21179415/,2.06,1.87,1.39,1.5,3.25,5.5,7.75,1.9,2.0,written,
12491,2024-12-29,Everton,Nott'm Forest,1602415923,21179412,Everton,Nottingham,premier_league-everton-nottingham,https://userbet.info/lineups_fixture/premier_league-everton-nottingham/21179412/,2.07,1.86,3.0,0.0,2.25,3.07,2.71,2.13,1.8,written,
12492,2024-12-29,Fulham,Bournemouth,1602413670,21179413,Fulham,Bournemouth,premier_league-fulham-bournemouth,https://userbet.info/lineups_fixture/premier_league-fulham-bournemouth/21179413/,1.95,1.97,3.32,-0.25,2.5,3.46,2.28,1.86,2.05,written,
12489,2024-12-29,Leicester,Man City,1602415888,21179410,Leicester,Manchester City,premier_league-leicester-manchester_city,https://userbet.info/lineups_fixture/premier_league-leicester-manchester_city/21179410/,1.92,1.99,1.28,1.75,3.5,6.43,10.18,1.92,1.97,written,
12490,2024-12-29,Crystal Palace,Southampton,1602415884,21179411,Crystal Palace,Southampton,premier_league-crystal_palace-southampton,https://userbet.info/lineups_fixture/premier_league-crystal_palace-southampton/21179411/,2.04,1.88,6.43,-1.0,2.75,4.45,1.53,1.92,1.99,written,
12496,2024-12-30,Ipswich,Chelsea,1602417475,21179591,Ipswich (Eng),Chelsea,premier_league-ipswich_eng-chelsea,https://userbet.info/lineups_fixture/premier_league-ipswich_eng-chelsea/21179591/,1.85,2.09,1.4,1.25,3.25,5.34,7.54,1.99,1.92,written,
12495,2024-12-30,Aston Villa,Brighton,1602413668,21179590,Aston Villa,Brighton,premier_league-aston_villa-brighton,https://userbet.info/lineups_fixture/premier_league-aston_villa-brighton/21179590/,2.06,1.88,4.26,-0.5,2.75,3.86,1.87,1.85,2.07,written,
12497,2024-12-30,Man United,Newcastle,1602413666,21179592,Manchester Utd,Newcastle,premier_league-manchester_utd-newcastle,https://userbet.info/lineups_fixture/premier_league-manchester_utd-newcastle/21179592/,1.91,2.01,2.58,0.0,2.75,3.7,2.71,1.87,2.04,written,
12498,2025-01-01,Brentford,Arsenal,1602413669,21179693,Brentford,Arsenal,premier_league-brentford-arsenal_,https://userbet.info/lineups_fixture/premier_league-brentford-arsenal_/21179693/,1.97,1.95,1.56,1.0,2.75,4.5,6.0,1.88,2.03,written,
12504,2025-01-04,Southampton,Brentford,1602530680,21180099,Southampton,Brentford,premier_league-southampton-brentford,https://userbet.info/lineups_fixture/premier_league-southampton-brentford/21180099/,1.88,2.05,2.16,0.25,2.75,3.65,3.44,1.93,1.98,written,
12499,2025-01-04,Tottenham,Newcastle,1602534209,21180094,Tottenham,Newcastle,premier_league-tottenham-newcastle,https://userbet.info/lineups_fixture/premier_league-tottenham-newcastle/21180094/,1.98,1.94,1.79,0.75,4.0,4.67,3.89,2.07,1.85,written,
12500,2025-01-04,Aston Villa,Leicester,1602534314,21180095,Aston Villa,Leicester,premier_league-aston_villa-leicester,https://userbet.info/lineups_fixture/premier_league-aston_villa-leicester/21180095/,1.97,1.95,8.29,-1.5,3.25,5.71,1.36,1.86,2.05,written,
12501,2025-01-04,Bournemouth,Everton,1602534208,21180096,Bournemouth,Everton,premier_league-bournemouth-everton,https://userbet.info/lineups_fixture/premier_league-bournemouth-everton/21180096/,2.02,1.91,5.23,-0.75,2.5,3.97,1.7,1.85,2.07,written,
12502,2025-01-04,Crystal Palace,Chelsea,1602534316,21180097,Crystal Palace,Chelsea,premier_league-crystal_palace-chelsea,https://userbet.info/lineups_fixture/premier_league-crystal_palace-chelsea/21180097/,2.01,1.92,2.0,0.5,3.25,3.93,3.64,2.06,1.86,written,
12503,2025-01-04,Man City,West Ham,1602530681,21180098,Manchester City,West Ham,premier_league-manchester_city-west_ham,https://userbet.info/lineups_fixture/premier_league-manchester_city-west_ham/21180098/,1.9,2.01,10.76,-2.0,3.75,7.23,1.24,1.94,1.94,written,
12505,2025-01-04,Brighton,Arsenal,1602534210,21180100,Brighton,Arsenal,premier_league-brighton-arsenal_,https://userbet.info/lineups_fixture/premier_league-brighton-arsenal_/21180100/,2.07,1.86,1.81,0.75,2.5,3.66,4.87,2.03,1.88,written,
12507,2025-01-05,Liverpool,Man United,1602530679,21180488,Liverpool,Manchester Utd,premier_league-liverpool-manchester_utd,https://userbet.info/lineups_fixture/premier_league-liverpool-manchester_utd/21180488/,1.9,2.03,8.55,-1.5,3.0,5.55,1.36,1.85,2.07,written,
12506,2025-01-05,Fulham,Ipswich,1602534315,21180487,Fulham,Ipswich (Eng),premier_league-fulham-ipswich_eng,https://userbet.info/lineups_fixture/premier_league-fulham-ipswich_eng/21180487/,1.96,1.96,6.5,-1.0,2.75,4.3,1.56,2.05,1.86,written,
12508,2025-01-06,Wolves,Nott'm Forest,1602530693,21180921,Wolves,Nottingham,premier_league-wolves-nottingham,https://userbet.info/lineups_fixture/premier_league-wolves-nottingham/21180921/,2.02,1.91,2.01,0.5,2.5,3.54,4.01,1.87,2.04,written,
12512,2025-01-14,Nott'm Forest,Liverpool,1602641970,21183204,Nottingham,Liverpool,premier_league-nottingham-liverpool,https://userbet.info/lineups_fixture/premier_league-nottingham-liverpool/21183204/,2.06,1.87,1.63,1.0,3.0,4.3,5.5,2.04,1.87,written,
12509,2025-01-14,Brentford,Man City,1602641956,21183201,Brentford,Manchester City,premier_league-brentford-manchester_city,https://userbet.info/lineups_fixture/premier_league-brentford-manchester_city/21183201/,2.0,1.93,1.62,1.0,3.25,4.5,5.18,1.9,2.01,written,
12510,2025-01-14,Chelsea,Bournemouth,1602642167,21183202,Chelsea,Bournemouth,premier_league-chelsea-bournemouth,https://userbet.info/lineups_fixture/premier_league-chelsea-bournemouth/21183202/,2.07,1.86,5.71,-1.0,3.25,4.8,1.54,1.91,2.0,written,
12511,2025-01-14,West Ham,Fulham,1602642169,21183203,West Ham,Fulham,premier_league-west_ham-fulham,https://userbet.info/lineups_fixture/premier_league-west_ham-fulham/21183203/,2.08,1.86,2.42,0.25,2.5,3.29,3.22,1.98,1.93,written,
12514,2025-01-15,Leicester,Crystal Palace,1602642098,21183463,Leicester,Crystal Palace,premier_league-leicester-crystal_palace,https://userbet.info/lineups_fixture/premier_league-leicester-crystal_palace/21183463/,1.98,1.94,1.97,0.5,2.5,3.63,4.07,1.91,2.0,written,
12515,2025-01-15,Newcastle,Wolves,1602642227,21183464,Newcastle,Wolves,premier_league-newcastle-wolves,https://userbet.info/lineups_fixture/premier_league-newcastle-wolves/21183464/,2.09,1.85,8.5,-1.25,3.25,5.35,1.38,2.06,1.85,written,
12516,2025-01-15,Arsenal,Tottenham,1602642008,21183465,Arsenal,Tottenham,premier_league-arsenal_-tottenham,https://userbet.info/lineups_fixture/premier_league-arsenal_-tottenham/21183465/,2.09,1.85,8.2,-1.25,3.0,5.35,1.38,1.85,2.06,written,
12513,2025-01-15,Everton,Aston Villa,1602642097,21183462,Everton,Aston Villa,premier_league-everton-aston_villa,https://userbet.info/lineups_fixture/premier_league-everton-aston_villa/21183462/,1.99,1.93,2.35,0.25,2.25,3.13,3.55,2.05,1.86,written,
12517,2025-01-16,Ipswich,Brighton,1602642009,21183766,Ipswich (Eng),Brighton,premier_league-ipswich_eng-brighton,https://userbet.info/lineups_fixture/premier_league-ipswich_eng-brighton/21183766/,1.98,1.94,1.97,0.5,2.75,3.75,3.94,2.0,1.91,written,
12518,2025-01-16,Man United,Southampton,1602642099,21183767,Manchester Utd,Southampton,premier_league-manchester_utd-southampton,https://userbet.info/lineups_fixture/premier_league-manchester_utd-southampton/21183767/,1.87,2.04,11.0,-1.75,3.0,6.1,1.29,1.93,1.95,written,
12523,2025-01-18,Arsenal,Aston Villa,1602746025,21184329,Arsenal,Aston Villa,premier_league-arsenal_-aston_villa,https://userbet.info/lineups_fixture/premier_league-arsenal_-aston_villa/21184329/,1.94,1.98,6.1,-1.0,2.75,4.35,1.57,1.98,1.93,written,
12522,2025-01-18,West Ham,Crystal Palace,1602740748,21184328,West Ham,Crystal Palace,premier_league-west_ham-crystal_palace,https://userbet.info/lineups_fixture/premier_league-west_ham-crystal_palace/21184328/,1.89,2.04,2.66,0.0,2.5,3.32,2.86,2.06,1.85,written,
12521,2025-01-18,Leicester,Fulham,1602762859,21184327,Leicester,Fulham,premier_league-leicester-fulham,https://userbet.info/lineups_fixture/premier_league-leicester-fulham/21184327/,2.06,1.87,1.81,0.75,2.5,3.79,4.65,1.85,2.06,written,
12520,2025-01-18,Brentford,Liverpool,1602746024,21184326,Brentford,Liverpool,premier_league-brentford-liverpool,https://userbet.info/lineups_fixture/premier_league-brentford-liverpool/21184326/,1.98,1.94,1.49,1.25,3.5,5.0,6.28,1.89,2.02,written,
12519,2025-01-18,Newcastle,Bournemouth,1602762858,21184325,Newcastle,Bournemouth,premier_league-newcastle-bournemouth,https://userbet.info/lineups_fixture/premier_league-newcastle-bournemouth/21184325/,1.82,2.09,5.2,-1.0,3.0,4.25,1.66,1.84,2.08,written,
12524,2025-01-19,Everton,Tottenham,1602763958,21185270,Everton,Tottenham,premier_league-everton-tottenham,https://userbet.info/lineups_fixture/premier_league-everton-tottenham/21185270/,2.07,1.86,2.85,0.0,2.5,3.51,2.56,1.88,2.03,written,
12527,2025-01-19,Ipswich,Man City,1602764481,21185273,Ipswich (Eng),Manchester City,premier_league-ipswich_eng-manchester_city,https://userbet.info/lineups_fixture/premier_league-ipswich_eng-manchester_city/21185273/,2.07,1.86,1.37,1.5,3.25,5.5,8.5,2.08,1.84,written,
12526,2025-01-19,Nott'm Forest,Southampton,1602764501,21185272,Nottingham,Southampton,premier_league-nottingham-southampton,https://userbet.info/lineups_fixture/premier_league-nottingham-southampton/21185272/,2.07,1.86,9.2,-1.25,2.75,5.19,1.37,1.86,2.05,written,
12525,2025-01-19,Man United,Brighton,1602762863,21185271,Manchester Utd,Brighton,premier_league-manchester_utd-brighton,https://userbet.info/lineups_fixture/premier_league-manchester_utd-brighton/21185271/,1.91,2.02,3.25,-0.25,2.5,3.42,2.34,1.85,2.07,written,
12528,2025-01-20,Chelsea,Wolves,1602764576,21186024,Chelsea,Wolves,premier_league-chelsea-wolves,https://userbet.info/lineups_fixture/premier_league-chelsea-wolves/21186024/,2.04,1.88,6.95,-1.25,3.5,5.3,1.42,2.06,1.85,written,
12533,2025-01-25,Wolves,Arsenal,1603145680,21187427,Wolves,Arsenal,premier_league-wolves-arsenal_,https://userbet.info/lineups_fixture/premier_league-wolves-arsenal_/21187427/,2.08,1.85,1.61,1.0,2.5,4.15,5.91,1.96,1.94,written,
12534,2025-01-25,Man City,Chelsea,1603145675,21187428,Manchester City,Chelsea,premier_league-manchester_city-chelsea,https://userbet.info/lineups_fixture/premier_league-manchester_city-chelsea/21187428/,1.84,2.1,2.85,-0.25,3.25,3.89,2.39,1.92,1.99,written,
12532,2025-01-25,Southampton,Newcastle,1603145677,21187426,Southampton,Newcastle,premier_league-southampton-newcastle,https://userbet.info/lineups_fixture/premier_league-southampton-newcastle/21187426/,1.99,1.93,1.47,1.25,3.25,5.04,6.62,2.01,1.9,written,
12531,2025-01-25,Liverpool,Ipswich,1603145673,21187425,Liverpool,Ipswich (Eng),premier_league-liverpool-ipswich_eng,https://userbet.info/lineups_fixture/premier_league-liverpool-ipswich_eng/21187425/,2.01,1.9,24.5,-2.5,3.75,12.25,1.1,1.91,1.98,written,
12530,2025-01-25,Brighton,Everton,1603145672,21187424,Brighton,Everton,premier_league-brighton-everton,https://userbet.info/lineups_fixture/premier_league-brighton-everton/21187424/,1.95,1.97,5.42,-0.75,2.5,3.69,1.74,2.05,1.86,written,
12529,2025-01-25,Bournemouth,Nott'm Forest,1603145681,21187423,Bournemouth,Nottingham,premier_league-bournemouth-nottingham,https://userbet.info/lineups_fixture/premier_league-bournemouth-nottingham/21187423/,1.94,1.98,3.94,-0.5,2.75,3.73,1.97,1.99,1.91,written,
12536,2025-01-26,Tottenham,Leicester,1603145679,21188539,Tottenham,Leicester,premier_league-tottenham-leicester,https://userbet.info/lineups_fixture/premier_league-tottenham-leicester/21188539/,1.88,2.04,5.85,-1.25,3.5,5.05,1.51,1.88,2.03,written,
12535,2025-01-26,Crystal Palace,Brentford,1603145676,21188538,Crystal Palace,Brentford,premier_league-crystal_palace-brentford,https://userbet.info/lineups_fixture/premier_league-crystal_palace-brentford/21188538/,1.91,2.02,3.71,-0.5,3.0,3.83,2.01,1.95,1.95,written,
12537,2025-01-26,Aston Villa,West Ham,1603145678,21188540,Aston Villa,West Ham,premier_league-aston_villa-west_ham,https://userbet.info/lineups_fixture/premier_league-aston_villa-west_ham/21188540/,1.85,2.09,6.7,-1.25,3.0,4.8,1.49,1.98,1.93,written,
12538,2025-01-26,Fulham,Man United,1603145674,21188541,Fulham,Manchester Utd,premier_league-fulham-manchester_utd,https://userbet.info/lineups_fixture/premier_league-fulham-manchester_utd/21188541/,1.85,2.08,3.03,-0.25,2.5,3.55,2.4,1.89,2.01,written,
12543,2025-02-01,Newcastle,Fulham,1603282573,21190985,Newcastle,Fulham,premier_league-newcastle-fulham,https://userbet.info/lineups_fixture/premier_league-newcastle-fulham/21190985/,1.93,1.99,4.91,-0.75,2.75,3.82,1.77,1.88,2.02,written,
12544,2025-02-01,Wolves,Aston Villa,1603282575,21190986,Wolves,Aston Villa,premier_league-wolves-aston_villa,https://userbet.info/lineups_fixture/premier_league-wolves-aston_villa/21190986/,2.09,1.85,2.42,0.25,2.75,3.5,3.05,2.02,1.88,written,
12542,2025-02-01,Ipswich,Southampton,1603289507,21190984,Ipswich (Eng),Southampton,premier_league-ipswich_eng-southampton,https://userbet.info/lineups_fixture/premier_league-ipswich_eng-southampton/21190984/,2.01,1.92,4.18,-0.5,2.75,3.75,1.91,1.96,1.94,written,
12541,2025-02-01,Everton,Leicester,1603312956,21190983,Everton,Leicester,premier_league-everton-leicester,https://userbet.info/lineups_fixture/premier_league-everton-leicester/21190983/,1.99,1.93,4.67,-0.5,2.25,3.38,1.93,2.03,1.88,written,
12540,2025-02-01,Bournemouth,Liverpool,1603289506,21190982,Bournemouth,Liverpool,premier_league-bournemouth-liverpool,https://userbet.info/lineups_fixture/premier_league-bournemouth-liverpool/21190982/,1.92,2.01,1.72,0.75,3.25,4.25,4.65,1.95,1.95,written,
12539,2025-02-01,Nott'm Forest,Brighton,1603276943,21190981,Nottingham,Brighton,premier_league-nottingham-brighton,https://userbet.info/lineups_fixture/premier_league-nottingham-brighton/21190981/,1.98,1.94,2.74,0.0,2.75,3.45,2.68,2.06,1.85,written,
12545,2025-02-02,Brentford,Tottenham,1603268886,21192020,Brentford,Tottenham,premier_league-brentford-tottenham,https://userbet.info/lineups_fixture/premier_league-brentford-tottenham/21192020/,1.94,1.98,3.5,-0.5,3.75,4.24,1.97,1.87,2.04,written,
12547,2025-02-02,Arsenal,Man City,1603282551,21192022,Arsenal,Manchester City,premier_league-arsenal_-manchester_city,https://userbet.info/lineups_fixture/premier_league-arsenal_-manchester_city/21192022/,2.0,1.93,3.75,-0.5,3.0,4.15,1.92,1.99,1.92,written,
12546,2025-02-02,Man United,Crystal Palace,1603273665,21192021,Manchester Utd,Crystal Palace,premier_league-manchester_utd-crystal_palace,https://userbet.info/lineups_fixture/premier_league-manchester_utd-crystal_palace/21192021/,1.9,2.03,4.97,-0.75,2.5,3.73,1.78,1.97,1.93,written,
12548,2025-02-03,Chelsea,West Ham,1603305562,21192859,Chelsea,West Ham,premier_league-chelsea-west_ham,https://userbet.info/lineups_fixture/premier_league-chelsea-west_ham/21192859/,1.94,1.96,9.45,-1.75,3.5,6.55,1.29,1.89,2.0,written,
12549,2025-02-12,Everton,Liverpool,1601487943,21172472,Everton,Liverpool,premier_league-everton-liverpool,https://userbet.info/lineups_fixture/premier_league-everton-liverpool/21172472/,1.87,2.05,1.52,1.0,2.75,4.47,6.36,1.93,1.95,written,
12550,2025-02-14,Brighton,Chelsea,1603637981,21197640,Brighton,Chelsea,premier_league-brighton-chelsea,https://userbet.info/lineups_fixture/premier_league-brighton-chelsea/21197640/,2.07,1.86,2.36,0.25,3.0,3.78,2.94,1.94,1.96,written,
12555,2025-02-15,Southampton,Bournemouth,1603637986,21198288,Southampton,Bournemouth,premier_league-southampton-bournemouth,https://userbet.info/lineups_fixture/premier_league-southampton-bournemouth/21198288/,2.07,1.86,1.51,1.25,3.25,4.79,6.32,2.08,1.84,written,
12556,2025-02-15,West Ham,Brentford,1603628369,21198289,West Ham,Brentford,premier_league-west_ham-brentford,https://userbet.info/lineups_fixture/premier_league-west_ham-brentford/21198289/,1.84,2.1,2.93,-0.25,3.0,3.71,2.4,1.94,1.96,written,
12557,2025-02-15,Crystal Palace,Everton,1603637987,21198290,Crystal Palace,Everton,premier_league-crystal_palace-everton,https://userbet.info/lineups_fixture/premier_league-crystal_palace-everton/21198290/,1.91,2.02,4.5,-0.5,2.0,3.24,2.01,1.93,1.97,written,
12554,2025-02-15,Man City,Newcastle,1603628368,21198287,Manchester City,Newcastle,premier_league-manchester_city-newcastle,https://userbet.info/lineups_fixture/premier_league-manchester_city-newcastle/21198287/,2.09,1.85,3.29,-0.25,3.5,4.08,2.09,1.95,1.95,written,
12552,2025-02-15,Aston Villa,Ipswich,1603637983,21198285,Aston Villa,Ipswich (Eng),premier_league-aston_villa-ipswich_eng,https://userbet.info/lineups_fixture/premier_league-aston_villa-ipswich_eng/21198285/,1.98,1.94,7.41,-1.25,3.0,4.99,1.44,1.91,2.0,written,
12551,2025-02-15,Leicester,Arsenal,1603637982,21198284,Leicester,Arsenal,premier_league-leicester-arsenal_,https://userbet.info/lineups_fixture/premier_league-leicester-arsenal_/21198284/,2.02,1.91,1.33,1.5,2.75,5.52,10.15,1.91,1.99,written,
12553,2025-02-15,Fulham,Nott'm Forest,1603637984,21198286,Fulham,Nottingham,premier_league-fulham-nottingham,https://userbet.info/lineups_fixture/premier_league-fulham-nottingham/21198286/,2.1,1.84,3.63,-0.25,2.5,3.55,2.12,1.98,1.93,written,
12558,2025-02-16,Liverpool,Wolves,1603650210,21199556,Liverpool,Wolves,premier_league-liverpool-wolves,https://userbet.info/lineups_fixture/premier_league-liverpool-wolves/21199556/,2.05,1.86,12.75,-1.75,3.25,7.1,1.23,1.92,1.97,written,
12559,2025-02-16,Tottenham,Man United,1603653209,21199557,Tottenham,Manchester Utd,premier_league-tottenham-manchester_utd,https://userbet.info/lineups_fixture/premier_league-tottenham-manchester_utd/21199557/,1.98,1.94,3.14,-0.25,3.25,3.91,2.2,2.04,1.87,written,
12560,2025-02-19,Aston Villa,Liverpool,1604338703,21200913,Aston Villa,Liverpool,premier_league-aston_villa-liverpool,https://userbet.info/lineups_fixture/premier_league-aston_villa-liverpool/21200913/,1.87,2.04,1.86,0.5,3.0,4.0,4.04,2.02,1.88,written,
12561,2025-02-21,Leicester,Brentford,1603965929,21201434,Leicester,Brentford,premier_league-leicester-brentford,https://userbet.info/lineups_fixture/premier_league-leicester-brentford/21201434/,2.0,1.93,1.99,0.5,3.0,3.86,3.74,2.01,1.9,written,
12564,2025-02-22,Bournemouth,Wolves,1603965932,21202122,Bournemouth,Wolves,premier_league-bournemouth-wolves,https://userbet.info/lineups_fixture/premier_league-bournemouth-wolves/21202122/,2.1,1.84,5.27,-0.75,2.75,4.21,1.66,1.89,2.01,written,
12562,2025-02-22,Everton,Man United,1603962818,21202120,Everton,Manchester Utd,premier_league-everton-manchester_utd,https://userbet.info/lineups_fixture/premier_league-everton-manchester_utd/21202120/,2.07,1.86,2.97,0.0,2.25,3.15,2.68,1.99,1.91,written,
12563,2025-02-22,Arsenal,West Ham,1603966487,21202121,Arsenal,West Ham,premier_league-arsenal_-west_ham,https://userbet.info/lineups_fixture/premier_league-arsenal_-west_ham/21202121/,2.03,1.9,12.5,-1.5,2.5,5.77,1.28,1.85,2.07,written,
12565,2025-02-22,Fulham,Crystal Palace,1603966486,21202123,Fulham,Crystal Palace,premier_league-fulham-crystal_palace,https://userbet.info/lineups_fixture/premier_league-fulham-crystal_palace/21202123/,1.84,2.1,3.79,-0.5,2.5,3.5,2.09,2.0,1.91,written,
12566,2025-02-22,Ipswich,Tottenham,1603965930,21202124,Ipswich (Eng),Tottenham,premier_league-ipswich_eng-tottenham,https://userbet.info/lineups_fixture/premier_league-ipswich_eng-tottenham/21202124/,2.09,1.85,2.08,0.5,3.25,3.88,3.43,2.03,1.88,written,
12567,2025-02-22,Southampton,Brighton,1603962819,21202125,Southampton,Brighton,premier_league-southampton-brighton,https://userbet.info/lineups_fixture/premier_league-southampton-brighton/21202125/,1.9,2.02,1.56,1.0,3.25,4.55,5.83,2.05,1.87,written,
12568,2025-02-22,Aston Villa,Chelsea,1603965928,21202126,Aston Villa,Chelsea,premier_league-aston_villa-chelsea,https://userbet.info/lineups_fixture/premier_league-aston_villa-chelsea/21202126/,2.01,1.92,2.73,0.0,3.0,3.6,2.6,2.01,1.9,written,
12570,2025-02-23,Man City,Liverpool,1603965927,21203375,Manchester City,Liverpool,premier_league-manchester_city-liverpool,https://userbet.info/lineups_fixture/premier_league-manchester_city-liverpool/21203375/,1.93,1.99,2.2,0.25,3.0,3.86,3.18,1.84,2.08,written,
12569,2025-02-23,Newcastle,Nott'm Forest,1603965931,21203374,Newcastle,Nottingham,premier_league-newcastle-nottingham,https://userbet.info/lineups_fixture/premier_league-newcastle-nottingham/21203374/,2.0,1.93,4.0,-0.5,3.0,3.88,1.92,1.97,1.93,written,
12572,2025-02-25,Crystal Palace,Aston Villa,1604645964,21204433,Crystal Palace,Aston Villa,premier_league-crystal_palace-aston_villa,https://userbet.info/lineups_fixture/premier_league-crystal_palace-aston_villa/21204433/,1.95,1.97,3.26,-0.25,2.75,3.55,2.27,1.99,1.92,written,
12574,2025-02-25,Chelsea,Southampton,1604651650,21204435,Chelsea,Southampton,premier_league-chelsea-southampton,https://userbet.info/lineups_fixture/premier_league-chelsea-southampton/21204435/,1.92,1.99,16.0,-2.25,3.75,8.25,1.18,1.98,1.91,written,
12571,2025-02-25,Brighton,Bournemouth,1604658110,21204432,Brighton,Bournemouth,premier_league-brighton-bournemouth,https://userbet.info/lineups_fixture/premier_league-brighton-bournemouth/21204432/,1.91,2.02,3.63,-0.5,3.0,3.92,2.01,1.94,1.96,written,
12573,2025-02-25,Wolves,Fulham,1604651647,21204434,Wolves,Fulham,premier_league-wolves-fulham,https://userbet.info/lineups_fixture/premier_league-wolves-fulham/21204434/,1.86,2.08,3.2,-0.25,2.25,3.31,2.42,1.91,2.0,written,
12576,2025-02-26,Man United,Ipswich,1604651636,21204812,Manchester Utd,Ipswich (Eng),premier_league-manchester_utd-ipswich_eng,https://userbet.info/lineups_fixture/premier_league-manchester_utd-ipswich_eng/21204812/,2.1,1.84,6.65,-1.0,2.75,4.52,1.52,1.85,2.07,written,
12579,2025-02-26,Liverpool,Newcastle,1604657371,21204815,Liverpool,Newcastle,premier_league-liverpool-newcastle,https://userbet.info/lineups_fixture/premier_league-liverpool-newcastle/21204815/,1.9,2.02,7.75,-1.5,3.25,5.6,1.38,1.87,2.04,written,
12575,2025-02-26,Brentford,Everton,1604649307,21204811,Brentford,Everton,premier_league-brentford-everton,https://userbet.info/lineups_fixture/premier_league-brentford-everton/21204811/,1.9,2.03,3.82,-0.5,2.75,3.69,2.02,2.02,1.88,written,
12577,2025-02-26,Nott'm Forest,Arsenal,1604657372,21204813,Nottingham,Arsenal,premier_league-nottingham-arsenal_,https://userbet.info/lineups_fixture/premier_league-nottingham-arsenal_/21204813/,1.97,1.95,1.96,0.5,2.25,3.45,4.37,2.02,1.89,written,
12578,2025-02-26,Tottenham,Man City,1604651648,21204814,Tottenham,Manchester City,premier_league-tottenham-manchester_city,https://userbet.info/lineups_fixture/premier_league-tottenham-manchester_city/21204814/,1.86,2.07,1.85,0.5,3.5,4.19,3.96,1.89,2.02,written,
12580,2025-02-27,West Ham,Leicester,1604651649,21205279,West Ham,Leicester,premier_league-west_ham-leicester,https://userbet.info/lineups_fixture/premier_league-west_ham-leicester/21205279/,1.89,2.03,4.83,-0.75,2.5,3.79,1.79,1.96,1.94,written,
12585,2025-03-08,Brentford,Aston Villa,1605020849,21209900,Brentford,Aston Villa,premier_league-brentford-aston_villa,https://userbet.info/lineups_fixture/premier_league-brentford-aston_villa/21209900/,2.03,1.9,3.21,-0.25,3.25,3.96,2.15,1.93,1.97,written,
12581,2025-03-08,Nott'm Forest,Man City,1605015278,21209896,Nottingham,Manchester City,premier_league-nottingham-manchester_city,https://userbet.info/lineups_fixture/premier_league-nottingham-manchester_city/21209896/,1.95,1.97,1.94,0.5,3.0,3.87,3.91,1.98,1.93,written,
12582,2025-03-08,Brighton,Fulham,1605045310,21209897,Brighton,Fulham,premier_league-brighton-fulham,https://userbet.info/lineups_fixture/premier_league-brighton-fulham/21209897/,1.92,2.01,4.04,-0.5,2.5,3.56,2.0,1.9,2.01,written,
12583,2025-03-08,Crystal Palace,Ipswich,1605045644,21209898,Crystal Palace,Ipswich (Eng),premier_league-crystal_palace-ipswich_eng,https://userbet.info/lineups_fixture/premier_league-crystal_palace-ipswich_eng/21209898/,1.95,1.97,6.38,-1.0,2.5,4.21,1.57,1.88,2.04,written,
12584,2025-03-08,Liverpool,Southampton,1605024569,21209899,Liverpool,Southampton,premier_league-liverpool-southampton,https://userbet.info/lineups_fixture/premier_league-liverpool-southampton/21209899/,2.04,1.87,26.0,-2.5,3.75,11.5,1.11,1.88,2.02,written,
12586,2025-03-08,Wolves,Everton,1605015884,21209901,Wolves,Everton,premier_league-wolves-everton,https://userbet.info/lineups_fixture/premier_league-wolves-everton/21209901/,1.97,1.95,2.89,0.0,2.0,3.0,2.88,1.91,1.99,written,
12587,2025-03-09,Chelsea,Leicester,1605039504,21211322,Chelsea,Leicester,premier_league-chelsea-leicester,https://userbet.info/lineups_fixture/premier_league-chelsea-leicester/21211322/,2.05,1.86,13.0,-1.75,3.25,6.5,1.25,1.91,1.98,written,
12588,2025-03-09,Tottenham,Bournemouth,1605045677,21211323,Tottenham,Bournemouth,premier_league-tottenham-bournemouth,https://userbet.info/lineups_fixture/premier_league-tottenham-bournemouth/21211323/,2.11,1.83,2.4,0.25,3.25,3.83,2.86,2.01,1.89,written,
12589,2025-03-09,Man United,Arsenal,1605045307,21211324,Manchester Utd,Arsenal,premier_league-manchester_utd-arsenal_,https://userbet.info/lineups_fixture/premier_league-manchester_utd-arsenal_/21211324/,2.02,1.9,1.78,0.75,2.25,3.72,5.05,1.84,2.08,written,
12590,2025-03-10,West Ham,Newcastle,1605045676,21212325,West Ham,Newcastle,premier_league-west_ham-newcastle,https://userbet.info/lineups_fixture/premier_league-west_ham-newcastle/21212325/,1.93,2.0,2.22,0.25,2.5,3.55,3.39,1.9,2.0,written,
12595,2025-03-15,Bournemouth,Brentford,1605445640,21214117,Bournemouth,Brentford,premier_league-bournemouth-brentford,https://userbet.info/lineups_fixture/premier_league-bournemouth-brentford/21214117/,1.96,1.96,4.32,-0.75,3.25,4.35,1.76,2.02,1.88,written,
12591,2025-03-15,Everton,West Ham,1605452046,21214113,Everton,West Ham,premier_league-everton-west_ham,https://userbet.info/lineups_fixture/premier_league-everton-west_ham/21214113/,2.13,1.82,3.92,-0.25,2.25,3.31,2.12,2.08,1.84,written,
12592,2025-03-15,Ipswich,Nott'm Forest,1605445641,21214114,Ipswich (Eng),Nottingham,premier_league-ipswich_eng-nottingham,https://userbet.info/lineups_fixture/premier_league-ipswich_eng-nottingham/21214114/,2.01,1.91,2.0,0.5,2.5,3.58,3.99,1.94,1.96,written,
12593,2025-03-15,Man City,Brighton,1605457436,21214115,Manchester City,Brighton,premier_league-manchester_city-brighton,https://userbet.info/lineups_fixture/premier_league-manchester_city-brighton/21214115/,2.07,1.84,4.25,-0.5,3.25,3.97,1.84,1.98,1.93,written,
12594,2025-03-15,Southampton,Wolves,1605457440,21214116,Southampton,Wolves,premier_league-southampton-wolves,https://userbet.info/lineups_fixture/premier_league-southampton-wolves/21214116/,2.07,1.87,2.06,0.5,2.25,3.45,3.97,1.85,2.07,written,
12598,2025-03-16,Leicester,Man United,1605457437,21215534,Leicester,Manchester Utd,premier_league-leicester-manchester_utd,https://userbet.info/lineups_fixture/premier_league-leicester-manchester_utd/21215534/,1.87,2.06,1.86,0.5,2.5,3.78,4.41,1.96,1.94,written,
12597,2025-03-16,Fulham,Tottenham,1605457438,21215533,Fulham,Tottenham,premier_league-fulham-tottenham,https://userbet.info/lineups_fixture/premier_league-fulham-tottenham/21215533/,2.07,1.86,4.07,-0.5,2.75,4.09,1.85,1.85,2.07,written,
12596,2025-03-16,Arsenal,Chelsea,1605457439,21215532,Arsenal,Chelsea,premier_league-arsenal_-chelsea,https://userbet.info/lineups_fixture/premier_league-arsenal_-chelsea/21215532/,1.96,1.96,5.39,-0.75,2.25,3.74,1.73,1.85,2.07,written,
12600,2025-04-01,Wolves,West Ham,1605863572,21224204,Wolves,West Ham,premier_league-wolves-west_ham,https://userbet.info/lineups_fixture/premier_league-wolves-west_ham/21224204/,1.88,2.05,3.27,-0.25,2.25,3.29,2.39,2.06,1.86,written,
12601,2025-04-01,Nott'm Forest,Man United,1605856707,21224205,Nottingham,Manchester Utd,premier_league-nottingham-manchester_utd,https://userbet.info/lineups_fixture/premier_league-nottingham-manchester_utd/21224205/,1.89,2.03,3.19,-0.25,2.5,3.46,2.35,2.03,1.88,written,
12599,2025-04-01,Arsenal,Fulham,1605856708,21224203,Arsenal,Fulham,premier_league-arsenal_-fulham,https://userbet.info/lineups_fixture/premier_league-arsenal_-fulham/21224203/,2.04,1.88,7.6,-1.0,2.25,4.3,1.51,1.83,2.09,written,
12602,2025-04-02,Bournemouth,Ipswich,1605867483,21224490,Bournemouth,Ipswich (Eng),premier_league-bournemouth-ipswich_eng,https://userbet.info/lineups_fixture/premier_league-bournemouth-ipswich_eng/21224490/,2.04,1.89,7.52,-1.25,2.75,5.4,1.4,1.84,2.08,written,
12603,2025-04-02,Brighton,Aston Villa,1605867482,21224491,Brighton,Aston Villa,premier_league-brighton-aston_villa,https://userbet.info/lineups_fixture/premier_league-brighton-aston_villa/21224491/,1.87,2.06,3.11,-0.25,2.5,3.5,2.38,1.88,2.03,written,
12604,2025-04-02,Man City,Leicester,1605863569,21224492,Manchester City,Leicester,premier_league-manchester_city-leicester,https://userbet.info/lineups_fixture/premier_league-manchester_city-leicester/21224492/,1.93,1.97,14.0,-2.0,3.5,8.0,1.2,1.98,1.91,written,
12605,2025-04-02,Newcastle,Brentford,1605863571,21224493,Newcastle,Brentford,premier_league-newcastle-brentford,https://userbet.info/lineups_fixture/premier_league-newcastle-brentford/21224493/,2.06,1.87,4.81,-0.75,3.0,4.33,1.68,1.89,2.01,written,
12606,2025-04-02,Southampton,Crystal Palace,1605868069,21224494,Southampton,Crystal Palace,premier_league-southampton-crystal_palace,https://userbet.info/lineups_fixture/premier_league-southampton-crystal_palace/21224494/,2.1,1.84,1.63,1.0,2.5,4.06,5.78,1.86,2.06,written,
12607,2025-04-02,Liverpool,Everton,1605863570,21224495,Liverpool,Everton,premier_league-liverpool-everton,https://userbet.info/lineups_fixture/premier_league-liverpool-everton/21224495/,2.07,1.86,7.31,-1.0,2.5,4.41,1.5,1.85,2.06,written,
12608,2025-04-03,Chelsea,Tottenham,1605868070,21224754,Chelsea,Tottenham,premier_league-chelsea-tottenham,https://userbet.info/lineups_fixture/premier_league-chelsea-tottenham/21224754/,2.02,1.91,4.52,-0.75,3.25,4.35,1.72,1.93,1.97,written,
12611,2025-04-05,Ipswich,Wolves,1606360697,21226025,Ipswich (Eng),Wolves,premier_league-ipswich_eng-wolves,https://userbet.info/lineups_fixture/premier_league-ipswich_eng-wolves/21226025/,1.89,2.04,2.67,0.0,2.25,3.28,2.88,2.02,1.89,written,
12610,2025-04-05,Crystal Palace,Brighton,1606341424,21226024,Crystal Palace,Brighton,premier_league-crystal_palace-brighton,https://userbet.info/lineups_fixture/premier_league-crystal_palace-brighton/21226024/,2.08,1.85,2.89,0.0,2.5,3.4,2.58,1.88,2.02,written,
12609,2025-04-05,Everton,Arsenal,1606360699,21226023,Everton,Arsenal,premier_league-everton-arsenal_,https://userbet.info/lineups_fixture/premier_league-everton-arsenal_/21226023/,2.12,1.83,2.11,0.5,2.0,3.18,4.18,1.85,2.06,written,
12613,2025-04-05,Aston Villa,Nott'm Forest,1606348701,21226027,Aston Villa,Nottingham,premier_league-aston_villa-nottingham,https://userbet.info/lineups_fixture/premier_league-aston_villa-nottingham/21226027/,2.07,1.86,3.65,-0.25,2.5,3.45,2.16,1.95,1.95,written,
12612,2025-04-05,West Ham,Bournemouth,1606341426,21226026,West Ham,Bournemouth,premier_league-west_ham-bournemouth,https://userbet.info/lineups_fixture/premier_league-west_ham-bournemouth/21226026/,2.08,1.85,2.4,0.25,2.5,3.55,3.04,1.87,2.04,written,
12616,2025-04-06,Tottenham,Southampton,1606360696,21227546,Tottenham,Southampton,premier_league-tottenham-southampton,https://userbet.info/lineups_fixture/premier_league-tottenham-southampton/21227546/,1.93,1.98,7.84,-1.5,3.5,5.64,1.37,2.03,1.88,written,
12615,2025-04-06,Fulham,Liverpool,1606360695,21227545,Fulham,Liverpool,premier_league-fulham-liverpool,https://userbet.info/lineups_fixture/premier_league-fulham-liverpool/21227545/,1.95,1.97,1.94,0.5,2.75,3.56,4.29,2.05,1.86,written,
12614,2025-04-06,Brentford,Chelsea,1606341425,21227544,Brentford,Chelsea,premier_league-brentford-chelsea,https://userbet.info/lineups_fixture/premier_league-brentford-chelsea/21227544/,2.11,1.83,2.42,0.25,2.75,3.65,2.94,1.84,2.08,written,
12617,2025-04-06,Man United,Man City,1606348700,21227547,Manchester Utd,Manchester City,premier_league-manchester_utd-manchester_city,https://userbet.info/lineups_fixture/premier_league-manchester_utd-manchester_city/21227547/,1.85,2.09,2.11,0.25,2.75,3.75,3.48,1.84,2.08,written,
12618,2025-04-07,Leicester,Newcastle,1606360698,21228590,Leicester,Newcastle,premier_league-leicester-newcastle,https://userbet.info/lineups_fixture/premier_league-leicester-newcastle/21228590/,2.04,1.89,1.45,1.25,2.75,4.85,7.45,1.93,1.98,written,
12623,2025-04-12,Arsenal,Brentford,1607002051,21230583,Arsenal,Brentford,premier_league-arsenal_-brentford,https://userbet.info/lineups_fixture/premier_league-arsenal_-brentford/21230583/,1.86,2.07,5.64,-1.0,2.75,4.23,1.62,1.95,1.95,written,
12622,2025-04-12,Southampton,Aston Villa,1607002054,21230582,Southampton,Aston Villa,premier_league-southampton-aston_villa,https://userbet.info/lineups_fixture/premier_league-southampton-aston_villa/21230582/,1.84,2.1,1.52,1.0,3.0,4.64,6.23,1.93,1.97,written,
12621,2025-04-12,Nott'm Forest,Everton,1607003354,21230581,Nottingham,Everton,premier_league-nottingham-everton,https://userbet.info/lineups_fixture/premier_league-nottingham-everton/21230581/,1.93,2.0,4.35,-0.5,2.25,3.38,1.99,2.01,1.89,written,
12620,2025-04-12,Brighton,Leicester,1607003966,21230580,Brighton,Leicester,premier_league-brighton-leicester,https://userbet.info/lineups_fixture/premier_league-brighton-leicester/21230580/,1.87,2.04,10.93,-1.75,3.0,5.97,1.28,1.85,2.05,written,
12619,2025-04-12,Man City,Crystal Palace,1607003356,21230579,Manchester City,Crystal Palace,premier_league-manchester_city-crystal_palace,https://userbet.info/lineups_fixture/premier_league-manchester_city-crystal_palace/21230579/,1.83,2.11,5.35,-1.0,2.75,4.35,1.64,1.85,2.07,written,
12624,2025-04-13,Chelsea,Ipswich,1607003358,21232127,Chelsea,Ipswich (Eng),premier_league-chelsea-ipswich_eng,https://userbet.info/lineups_fixture/premier_league-chelsea-ipswich_eng/21232127/,1.92,1.98,13.71,-2.0,3.25,7.43,1.21,1.93,1.96,written,
12625,2025-04-13,Liverpool,West Ham,1607002053,21232128,Liverpool,West Ham,premier_league-liverpool-west_ham,https://userbet.info/lineups_fixture/premier_league-liverpool-west_ham/21232128/,1.85,2.06,10.62,-1.75,3.0,6.09,1.28,1.91,1.98,written,
12626,2025-04-13,Wolves,Tottenham,1607002052,21232129,Wolves,Tottenham,premier_league-wolves-tottenham,https://userbet.info/lineups_fixture/premier_league-wolves-tottenham/21232129/,1.93,1.99,3.17,-0.25,2.75,3.64,2.28,2.05,1.86,written,
12627,2025-04-13,Newcastle,Man United,1607003355,21232130,Newcastle,Manchester Utd,premier_league-newcastle-manchester_utd,https://userbet.info/lineups_fixture/premier_league-newcastle-manchester_utd/21232130/,1.88,2.05,5.45,-1.0,3.0,4.35,1.62,2.06,1.85,written,
12628,2025-04-14,Bournemouth,Fulham,1607003357,21233219,Bournemouth,Fulham,premier_league-bournemouth-fulham,https://userbet.info/lineups_fixture/premier_league-bournemouth-fulham/21233219/,1.99,1.93,3.43,-0.25,2.5,3.45,2.24,1.91,2.0,written,
12629,2025-04-16,Newcastle,Crystal Palace,1607030872,21233665,Newcastle,Crystal Palace,premier_league-newcastle-crystal_palace,https://userbet.info/lineups_fixture/premier_league-newcastle-crystal_palace/21233665/,2.07,1.86,5.38,-0.75,2.75,4.03,1.68,1.9,2.01,written,
12633,2025-04-19,West Ham,Southampton,1607251722,21235500,West Ham,Southampton,premier_league-west_ham-southampton,https://userbet.info/lineups_fixture/premier_league-west_ham-southampton/21235500/,1.85,2.08,5.25,-1.0,3.0,4.3,1.64,2.01,1.89,written,
12630,2025-04-19,Brentford,Brighton,1607251726,21235497,Brentford,Brighton,premier_league-brentford-brighton,https://userbet.info/lineups_fixture/premier_league-brentford-brighton/21235497/,1.93,2.0,2.61,0.0,3.0,3.63,2.71,2.03,1.88,written,
12631,2025-04-19,Crystal Palace,Bournemouth,1607251724,21235498,Crystal Palace,Bournemouth,premier_league-crystal_palace-bournemouth,https://userbet.info/lineups_fixture/premier_league-crystal_palace-bournemouth/21235498/,2.04,1.89,2.79,0.0,2.75,3.52,2.6,2.02,1.89,written,
12632,2025-04-19,Everton,Man City,1607248349,21235499,Everton,Manchester City,premier_league-everton-manchester_city,https://userbet.info/lineups_fixture/premier_league-everton-manchester_city/21235499/,1.93,1.99,1.93,0.5,2.5,3.73,4.13,1.85,2.06,written,
12634,2025-04-19,Aston Villa,Newcastle,1607264532,21235501,Aston Villa,Newcastle,premier_league-aston_villa-newcastle,https://userbet.info/lineups_fixture/premier_league-aston_villa-newcastle/21235501/,2.0,1.93,2.71,0.0,3.0,3.65,2.6,2.05,1.86,written,
12638,2025-04-20,Leicester,Liverpool,1607347045,21236578,Leicester,Liverpool,premier_league-leicester-liverpool,https://userbet.info/lineups_fixture/premier_league-leicester-liverpool/21236578/,2.08,1.83,1.22,2.0,3.5,7.25,13.5,1.99,1.9,written,
12635,2025-04-20,Fulham,Chelsea,1607335517,21236575,Fulham,Chelsea,premier_league-fulham-chelsea,https://userbet.info/lineups_fixture/premier_league-fulham-chelsea/21236575/,2.01,1.92,2.31,0.25,2.75,3.61,3.15,1.95,1.95,written,
12636,2025-04-20,Ipswich,Arsenal,1607336629,21236576,Ipswich (Eng),Arsenal,premier_league-ipswich_eng-arsenal_,https://userbet.info/lineups_fixture/premier_league-ipswich_eng-arsenal_/21236576/,2.07,1.86,1.37,1.5,2.75,5.22,8.93,1.85,2.06,written,
12637,2025-04-20,Man United,Wolves,1607336621,21236577,Manchester Utd,Wolves,premier_league-manchester_utd-wolves,https://userbet.info/lineups_fixture/premier_league-manchester_utd-wolves/21236577/,2.04,1.88,2.8,0.0,2.5,3.5,2.6,1.95,1.95,written,
12639,2025-04-21,Tottenham,Nott'm Forest,1607405418,21237255,Tottenham,Nottingham,premier_league-tottenham-nottingham,https://userbet.info/lineups_fixture/premier_league-tottenham-nottingham/21237255/,1.85,2.08,3.07,-0.25,2.75,3.5,2.41,1.88,2.03,written,
12640,2025-04-22,Man City,Aston Villa,1607459218,21237681,Manchester City,Aston Villa,premier_league-manchester_city-aston_villa,https://userbet.info/lineups_fixture/premier_league-manchester_city-aston_villa/21237681/,2.01,1.92,3.93,-0.5,3.0,4.05,1.92,2.02,1.89,written,
12641,2025-04-23,Arsenal,Crystal Palace,1607520769,21237890,Arsenal,Crystal Palace,premier_league-arsenal_-crystal_palace,https://userbet.info/lineups_fixture/premier_league-arsenal_-crystal_palace/21237890/,2.0,1.93,9.1,-1.25,2.75,4.85,1.4,1.96,1.94,written,
12646,2025-04-26,Wolves,Leicester,1607719636,21239408,Wolves,Leicester,premier_league-wolves-leicester,https://userbet.info/lineups_fixture/premier_league-wolves-leicester/21239408/,1.99,1.93,6.03,-1.0,2.75,4.46,1.55,1.98,1.92,written,
12644,2025-04-26,Newcastle,Ipswich,1607715971,21239406,Newcastle,Ipswich (Eng),premier_league-newcastle-ipswich_eng,https://userbet.info/lineups_fixture/premier_league-newcastle-ipswich_eng/21239406/,2.02,1.88,17.5,-2.0,3.5,8.5,1.17,1.93,1.95,written,
12645,2025-04-26,Southampton,Fulham,1607715963,21239407,Southampton,Fulham,premier_league-southampton-fulham,https://userbet.info/lineups_fixture/premier_league-southampton-fulham/21239407/,1.88,2.05,1.68,0.75,2.75,4.11,5.08,1.88,2.03,written,
12643,2025-04-26,Brighton,West Ham,1607715954,21239405,Brighton,West Ham,premier_league-brighton-west_ham,https://userbet.info/lineups_fixture/premier_league-brighton-west_ham/21239405/,1.9,2.02,4.46,-0.75,2.75,4.0,1.79,1.97,1.93,written,
12642,2025-04-26,Chelsea,Everton,1607709058,21239404,Chelsea,Everton,premier_league-chelsea-everton,https://userbet.info/lineups_fixture/premier_league-chelsea-everton/21239404/,1.93,2.0,7.5,-1.25,3.0,4.95,1.44,2.08,1.84,written,
12648,2025-04-27,Liverpool,Tottenham,1607815997,22228066,Liverpool,Tottenham,premier_league-liverpool-tottenham,https://userbet.info/lineups_fixture/premier_league-liverpool-tottenham/22228066/,2.03,1.88,13.75,-2.0,3.75,7.95,1.2,1.98,1.91,written,
12647,2025-04-27,Bournemouth,Man United,1607803934,22228065,Bournemouth,Manchester Utd,premier_league-bournemouth-manchester_utd,https://userbet.info/lineups_fixture/premier_league-bournemouth-manchester_utd/22228065/,1.93,1.99,3.72,-0.5,2.75,3.93,1.98,1.93,1.97,written,
12649,2025-05-01,Nott'm Forest,Brentford,1607715955,24940121,Nottingham,Brentford,premier_league-nottingham-brentford,https://userbet.info/lineups_fixture/premier_league-nottingham-brentford/24940121/,2.02,1.89,3.33,-0.25,2.75,3.67,2.17,1.92,1.97,written,
12650,2025-05-02,Man City,Wolves,1608130363,25581039,Manchester City,Wolves,premier_league-manchester_city-wolves,https://userbet.info/lineups_fixture/premier_league-manchester_city-wolves/25581039/,1.96,1.96,9.75,-1.5,3.0,5.6,1.33,1.93,1.97,written,
12653,2025-05-03,Leicester,Southampton,1608183594,26597638,Leicester,Southampton,premier_league-leicester-southampton,https://userbet.info/lineups_fixture/premier_league-leicester-southampton/26597638/,1.81,2.14,2.91,-0.25,2.75,3.61,2.45,2.0,1.91,written,
12651,2025-05-03,Aston Villa,Fulham,1608175293,26597636,Aston Villa,Fulham,premier_league-aston_villa-fulham,https://userbet.info/lineups_fixture/premier_league-aston_villa-fulham/26597636/,2.04,1.88,4.28,-0.5,2.75,3.79,1.88,1.93,1.98,written,
12652,2025-05-03,Everton,Ipswich,1608177689,26597637,Everton,Ipswich (Eng),premier_league-everton-ipswich_eng,https://userbet.info/lineups_fixture/premier_league-everton-ipswich_eng/26597637/,1.96,1.96,6.09,-1.0,2.75,4.3,1.57,1.99,1.92,written,
12654,2025-05-03,Arsenal,Bournemouth,1608183651,26597639,Arsenal,Bournemouth,premier_league-arsenal_-bournemouth,https://userbet.info/lineups_fixture/premier_league-arsenal_-bournemouth/26597639/,2.04,1.88,5.23,-0.75,2.75,4.04,1.69,1.85,2.06,written,
12658,2025-05-04,Chelsea,Liverpool,1608278003,27957462,Chelsea,Liverpool,premier_league-chelsea-liverpool,https://userbet.info/lineups_fixture/premier_league-chelsea-liverpool/27957462/,1.88,2.05,2.95,-0.25,3.25,3.84,2.34,2.01,1.9,written,
12655,2025-05-04,Brentford,Man United,1608269314,27957459,Brentford,Manchester Utd,premier_league-brentford-manchester_utd,https://userbet.info/lineups_fixture/premier_league-brentford-manchester_utd/27957459/,1.84,2.1,4.96,-1.0,3.0,4.4,1.65,1.85,2.07,written,
12656,2025-05-04,Brighton,Newcastle,1608269317,27957460,Brighton,Newcastle,premier_league-brighton-newcastle,https://userbet.info/lineups_fixture/premier_league-brighton-newcastle/27957460/,1.93,1.99,2.21,0.25,3.0,3.79,3.22,1.93,1.98,written,
12657,2025-05-04,West Ham,Tottenham,1608183596,27957461,West Ham,Tottenham,premier_league-west_ham-tottenham,https://userbet.info/lineups_fixture/premier_league-west_ham-tottenham/27957461/,2.05,1.88,4.15,-0.5,3.0,3.93,1.88,1.97,1.93,written,
12659,2025-05-05,Crystal Palace,Nott'm Forest,1608311445,29252563,Crystal Palace,Nottingham,premier_league-crystal_palace-nottingham,https://userbet.info/lineups_fixture/premier_league-crystal_palace-nottingham/29252563/,2.01,1.91,3.47,-0.25,2.5,3.48,2.21,2.01,1.89,written,
12664,2025-05-10,Bournemouth,Aston Villa,1608650364,32711064,Bournemouth,Aston Villa,premier_league-bournemouth-aston_villa,https://userbet.info/lineups_fixture/premier_league-bournemouth-aston_villa/32711064/,2.0,1.93,2.73,0.0,2.75,3.58,2.62,1.87,2.05,written,
12663,2025-05-10,Wolves,Brighton,1608635065,32711063,Wolves,Brighton,premier_league-wolves-brighton,https://userbet.info/lineups_fixture/premier_league-wolves-brighton/32711063/,2.11,1.83,2.45,0.25,2.5,3.39,3.08,1.98,1.92,written,
12662,2025-05-10,Southampton,Man City,1608638811,32711062,Southampton,Manchester City,premier_league-southampton-manchester_city,https://userbet.info/lineups_fixture/premier_league-southampton-manchester_city/32711062/,2.03,1.88,1.19,2.0,3.25,8.0,15.0,1.89,2.0,written,
12661,2025-05-10,Ipswich,Brentford,1608635056,32711061,Ipswich (Eng),Brentford,premier_league-ipswich_eng-brentford,https://userbet.info/lineups_fixture/premier_league-ipswich_eng-brentford/32711061/,2.1,1.84,1.52,1.25,3.25,4.84,5.83,1.92,1.99,written,
12660,2025-05-10,Fulham,Everton,1608638804,32711060,Fulham,Everton,premier_league-fulham-everton,https://userbet.info/lineups_fixture/premier_league-fulham-everton/32711060/,1.92,2.01,5.03,-0.75,2.5,3.75,1.77,2.02,1.88,written,
12669,2025-05-11,Liverpool,Arsenal,1608737054,34022524,Liverpool,Arsenal,premier_league-liverpool-arsenal_,https://userbet.info/lineups_fixture/premier_league-liverpool-arsenal_/34022524/,1.96,1.96,3.22,-0.25,2.75,3.67,2.25,1.85,2.07,written,
12665,2025-05-11,Newcastle,Chelsea,1608634998,34022520,Newcastle,Chelsea,premier_league-newcastle-chelsea,https://userbet.info/lineups_fixture/premier_league-newcastle-chelsea/34022520/,1.93,2.0,3.1,-0.25,3.0,3.73,2.29,1.91,2.0,written,
12666,2025-05-11,Man United,West Ham,1608635058,34022521,Manchester Utd,West Ham,premier_league-manchester_utd-west_ham,https://userbet.info/lineups_fixture/premier_league-manchester_utd-west_ham/34022521/,1.88,2.05,3.74,-0.5,2.75,3.69,2.04,1.97,1.93,written,
12667,2025-05-11,Nott'm Forest,Leicester,1608731218,34022522,Nottingham,Leicester,premier_league-nottingham-leicester,https://userbet.info/lineups_fixture/premier_league-nottingham-leicester/34022522/,2.03,1.9,7.9,-1.25,2.75,5.14,1.4,1.84,2.08,written,
12668,2025-05-11,Tottenham,Crystal Palace,1608635064,34022523,Tottenham,Crystal Palace,premier_league-tottenham-crystal_palace,https://userbet.info/lineups_fixture/premier_league-tottenham-crystal_palace/34022523/,1.97,1.95,2.26,0.25,2.75,3.75,3.15,1.88,2.04,written,
12671,2025-05-16,Chelsea,Man United,1609002190,37503054,Chelsea,Manchester Utd,premier_league-chelsea-manchester_utd,https://userbet.info/lineups_fixture/premier_league-chelsea-manchester_utd/37503054/,1.94,1.98,5.6,-1.0,3.0,4.65,1.57,1.86,2.05,written,
12670,2025-05-16,Aston Villa,Tottenham,1609168865,37503051,Aston Villa,Tottenham,premier_league-aston_villa-tottenham,https://userbet.info/lineups_fixture/premier_league-aston_villa-tottenham/37503051/,2.01,1.9,11.25,-1.75,3.5,6.95,1.25,1.97,1.92,written,
12676,2025-05-18,Arsenal,Newcastle,1609168934,39767167,Arsenal,Newcastle,premier_league-arsenal_-newcastle,https://userbet.info/lineups_fixture/premier_league-arsenal_-newcastle/39767167/,1.96,1.96,3.96,-0.5,2.75,3.79,1.95,1.94,1.96,written,
12674,2025-05-18,Brentford,Fulham,1609169854,39767165,Brentford,Fulham,premier_league-brentford-fulham,https://userbet.info/lineups_fixture/premier_league-brentford-fulham/39767165/,1.85,2.08,3.55,-0.5,3.0,3.79,2.07,2.07,1.85,written,
12675,2025-05-18,Leicester,Ipswich,1609168891,39767166,Leicester,Ipswich (Eng),premier_league-leicester-ipswich_eng,https://userbet.info/lineups_fixture/premier_league-leicester-ipswich_eng/39767166/,1.93,1.99,3.11,-0.25,2.75,3.77,2.27,1.85,2.07,written,
12672,2025-05-18,Everton,Southampton,1609154438,39767163,Everton,Southampton,premier_league-everton-southampton,https://userbet.info/lineups_fixture/premier_league-everton-southampton/39767163/,1.95,1.97,7.6,-1.25,2.75,4.95,1.43,2.0,1.91,written,
12673,2025-05-18,West Ham,Nott'm Forest,1609161584,39767164,West Ham,Nottingham,premier_league-west_ham-nottingham,https://userbet.info/lineups_fixture/premier_league-west_ham-nottingham/39767164/,2.1,1.84,2.43,0.25,2.5,3.45,3.06,2.02,1.89,written,
12677,2025-05-19,Brighton,Liverpool,1609225052,40934194,Brighton,Liverpool,premier_league-brighton-liverpool,https://userbet.info/lineups_fixture/premier_league-brighton-liverpool/40934194/,1.97,1.95,3.09,-0.25,3.25,3.96,2.21,1.98,1.93,written,
12679,2025-05-20,Man City,Bournemouth,1609213356,41474865,Manchester City,Bournemouth,premier_league-manchester_city-bournemouth,https://userbet.info/lineups_fixture/premier_league-manchester_city-bournemouth/41474865/,1.96,1.96,8.9,-1.5,3.25,5.8,1.34,2.06,1.85,written,
12678,2025-05-20,Crystal Palace,Wolves,1609225051,41474864,Crystal Palace,Wolves,premier_league-crystal_palace-wolves,https://userbet.info/lineups_fixture/premier_league-crystal_palace-wolves/41474864/,1.86,2.07,3.23,-0.25,2.5,3.26,2.41,2.0,1.85,written,
12684,2025-05-25,Man United,Aston Villa,1609564036,45123143,Manchester Utd,Aston Villa,premier_league-manchester_utd-aston_villa,https://userbet.info/lineups_fixture/premier_league-manchester_utd-aston_villa/45123143/,1.86,2.07,1.68,0.75,3.0,4.37,4.82,1.98,1.93,written,
12685,2025-05-25,Newcastle,Everton,1609563932,45123144,Newcastle,Everton,premier_league-newcastle-everton,https://userbet.info/lineups_fixture/premier_league-newcastle-everton/45123144/,1.9,2.01,10.36,-1.75,3.25,6.19,1.28,1.98,1.91,written,
12686,2025-05-25,Nott'm Forest,Chelsea,1609565921,45123145,Nottingham,Chelsea,premier_league-nottingham-chelsea,https://userbet.info/lineups_fixture/premier_league-nottingham-chelsea/45123145/,2.08,1.86,2.07,0.5,2.75,3.87,3.5,1.89,2.02,written,
12687,2025-05-25,Southampton,Arsenal,1609564034,45123146,Southampton,Arsenal,premier_league-southampton-arsenal_,https://userbet.info/lineups_fixture/premier_league-southampton-arsenal_/45123146/,1.87,2.04,1.25,1.75,3.25,6.53,11.7,1.85,2.05,written,
12688,2025-05-25,Tottenham,Brighton,1609565923,45123147,Tottenham,Brighton,premier_league-tottenham-brighton,https://userbet.info/lineups_fixture/premier_league-tottenham-brighton/45123147/,1.93,2.0,1.92,0.5,3.25,4.06,3.83,2.0,1.91,written,
12689,2025-05-25,Wolves,Brentford,1609564037,45123148,Wolves,Brentford,premier_league-wolves-brentford,https://userbet.info/lineups_fixture/premier_league-wolves-brentford/45123148/,2.03,1.9,2.31,0.25,3.25,3.82,3.0,2.04,1.87,written,
12681,2025-05-25,Fulham,Man City,1609565928,45123140,Fulham,Manchester City,premier_league-fulham-manchester_city,https://userbet.info/lineups_fixture/premier_league-fulham-manchester_city/45123140/,1.84,2.1,1.52,1.0,3.0,4.57,6.32,1.94,1.96,written,
12680,2025-05-25,Bournemouth,Leicester,1609565919,45123139,Bournemouth,Leicester,premier_league-bournemouth-leicester,https://userbet.info/lineups_fixture/premier_league-bournemouth-leicester/45123139/,1.98,1.94,9.19,-1.5,3.25,5.72,1.34,2.03,1.86,written,
12682,2025-05-25,Ipswich,West Ham,1609565927,45123141,Ipswich (Eng),West Ham,premier_league-ipswich_eng-west_ham,https://userbet.info/lineups_fixture/premier_league-ipswich_eng-west_ham/45123141/,1.94,1.98,2.23,0.25,2.75,3.64,3.28,1.94,1.96,written,
12683,2025-05-25,Liverpool,Crystal Palace,1609563933,45123142,Liverpool,Crystal Palace,premier_league-liverpool-crystal_palace,https://userbet.info/lineups_fixture/premier_league-liverpool-crystal_palace/45123142/,1.96,1.96,7.12,-1.5,3.75,6.03,1.38,2.03,1.88,written,
