n,mae_AH,mae_Tot,n_ah_ge_0_5,n_ah_ge_0_75,n_tot_ge_0_5,bias_AH,bias_Tot,mae_P1,mae_PX,mae_P2,n_1x2,gw,arm,scale
58,0.28879310344827586,0.2629310344827586,20,6,13,0.004310344827586207,0.22844827586206898,0.060486936151896424,0.027797404956468905,0.06097511844171557,58,1,scale_1.00,1.0
58,0.21551724137931033,0.21120689655172414,14,1,7,-0.008620689655172414,0.14224137931034483,0.04367486482734395,0.021433116036837764,0.04391103929984917,58,1,scale_0.50,0.5
58,0.1939655172413793,0.1896551724137931,8,0,7,-0.03017241379310345,0.09482758620689655,0.0423355360795168,0.019910886857510628,0.03991678326177553,58,1,scale_0.25,0.25
58,0.21120689655172414,0.1896551724137931,10,0,6,-0.03879310344827586,0.02586206896551724,0.04492048704685512,0.019506576223900892,0.0407672674891731,58,1,scale_0.00,0.0
58,0.21551724137931033,0.14224137931034483,10,3,5,-0.08620689655172414,0.07327586206896551,0.05372325371798653,0.02102038350418455,0.040927384246012805,58,2,scale_1.00,1.0
58,0.1939655172413793,0.125,10,2,3,-0.04741379310344827,0.03017241379310345,0.04789474940996379,0.01909994360662325,0.03668416253283629,58,2,scale_0.50,0.5
58,0.2025862068965517,0.14224137931034483,13,2,4,-0.03017241379310345,0.01293103448275862,0.04923318142721273,0.019030445269377087,0.038914714429964366,58,2,scale_0.25,0.25
58,0.22844827586206898,0.15086206896551724,14,3,5,-0.03879310344827586,-0.01293103448275862,0.051114539298726405,0.019636780807226705,0.0411583307938877,58,2,scale_0.00,0.0
56,0.15625,0.13392857142857142,7,1,1,-0.07589285714285714,0.044642857142857144,0.03903475878722463,0.014233980098555258,0.034425040183644375,56,3,scale_1.00,1.0
56,0.14732142857142858,0.11607142857142858,3,1,0,-0.04017857142857143,0.008928571428571428,0.03705873733680739,0.0129956634495247,0.03264078772139585,56,3,scale_0.50,0.5
56,0.16071428571428573,0.13392857142857142,3,0,2,-0.0625,-0.008928571428571428,0.03933686359524088,0.013503072901012877,0.03472815856450539,56,3,scale_0.25,0.25
56,0.19196428571428573,0.14285714285714285,3,0,2,-0.05803571428571429,-0.03571428571428571,0.04356323557214016,0.01438683298381499,0.0380342264277147,56,3,scale_0.00,0.0
58,0.1724137931034483,0.14655172413793102,9,1,4,-0.11206896551724138,0.05172413793103448,0.04072736825288947,0.016392803561472904,0.032262061464747846,58,4,scale_1.00,1.0
58,0.13793103448275862,0.13793103448275862,6,0,2,-0.09482758620689655,0.008620689655172414,0.03712746145015876,0.015954211222868747,0.030688655662862704,58,4,scale_0.50,0.5
58,0.14224137931034483,0.1336206896551724,6,0,2,-0.09051724137931035,-0.01293103448275862,0.03941573826176757,0.016792493981499963,0.030767795127229883,58,4,scale_0.25,0.25
58,0.17672413793103448,0.15517241379310345,8,0,3,-0.09051724137931035,-0.034482758620689655,0.0453728838527578,0.017897658405710795,0.035359802480166194,58,4,scale_0.00,0.0
57,0.12719298245614036,0.14473684210526316,5,1,4,-0.03070175438596491,0.013157894736842105,0.029624052451098108,0.013747452452586987,0.027470055469929602,57,5,scale_1.00,1.0
57,0.10964912280701754,0.16228070175438597,2,0,3,-0.03070175438596491,-0.021929824561403508,0.024967109926962643,0.012838620651188274,0.02474872137185714,57,5,scale_0.50,0.5
57,0.12719298245614036,0.16228070175438597,3,0,5,-0.03070175438596491,-0.03070175438596491,0.026798103553098248,0.01358078801564359,0.027015836372774094,57,5,scale_0.25,0.25
57,0.12719298245614036,0.16666666666666666,3,0,5,-0.013157894736842105,-0.03508771929824561,0.031007840000194926,0.014810806809016063,0.03163060881744408,57,5,scale_0.00,0.0
58,0.1336206896551724,0.14224137931034483,5,1,4,-0.004310344827586207,0.021551724137931036,0.0326045216901532,0.014826258356105652,0.029020407323798066,58,6,scale_1.00,1.0
58,0.1336206896551724,0.15086206896551724,6,0,4,0.004310344827586207,-0.01293103448275862,0.031272018901487876,0.014838954514119321,0.029144757559952574,58,6,scale_0.50,0.5
58,0.17672413793103448,0.15517241379310345,8,0,5,0.01293103448275862,-0.034482758620689655,0.03653988608984153,0.01571623163177918,0.03451937642150015,58,6,scale_0.25,0.25
58,0.20689655172413793,0.15948275862068967,7,2,5,0.008620689655172414,-0.03017241379310345,0.04532652670166666,0.01723430952346308,0.04275433900346365,58,6,scale_0.00,0.0
58,0.16379310344827586,0.09482758620689655,7,0,2,-0.07758620689655173,0.0,0.040282615408796754,0.016694750332936024,0.03167493089802559,58,7,scale_1.00,1.0
58,0.12931034482758622,0.11637931034482758,5,1,3,-0.07758620689655173,-0.03017241379310345,0.03471074673823772,0.0158651220227747,0.027043504395443983,58,7,scale_0.50,0.5
58,0.1336206896551724,0.1336206896551724,5,1,4,-0.05603448275862069,-0.04741379310344827,0.03601414273829649,0.016378264756439127,0.02879512838850487,58,7,scale_0.25,0.25
58,0.15086206896551724,0.15086206896551724,4,1,5,-0.04741379310344827,-0.06465517241379311,0.04020549999334172,0.01739164903519375,0.03251267291928643,58,7,scale_0.00,0.0
58,0.1724137931034483,0.11206896551724138,6,0,1,-0.08620689655172414,0.0,0.03650503819423396,0.01608486449320401,0.03267184661042546,58,8,scale_1.00,1.0
58,0.15086206896551724,0.14224137931034483,4,0,2,-0.06465517241379311,-0.03017241379310345,0.034088653124962516,0.01618766019686172,0.029857599360337873,58,8,scale_0.50,0.5
58,0.16810344827586207,0.14224137931034483,5,0,2,-0.07327586206896551,-0.03879310344827586,0.036731115962016156,0.017064374763192357,0.033265785145433,58,8,scale_0.25,0.25
58,0.1896551724137931,0.14655172413793102,6,0,4,-0.08620689655172414,-0.0603448275862069,0.0421080807343861,0.018212185992579975,0.03863228066873685,58,8,scale_0.00,0.0
