match_id,match_date,home_team,away_team,ps_id,fid,userbet_home,userbet_away,slug,lineups_url
13070,2024-08-23,M'gladbach,Leverkusen,1593534691,21110384,B. Monchengladbach,Bayer Leverkusen (Ger),bundesliga-b._monchengladbach-bayer_leverkusen_ger,https://userbet.info/lineups_fixture/bundesliga-b._monchengladbach-bayer_leverkusen_ger/21110384/
13071,2024-08-24,Augsburg,Werder Bremen,1593534690,21111333,Augsburg,Werder Bremen,bundesliga-augsburg-werder_bremen,https://userbet.info/lineups_fixture/bundesliga-augsburg-werder_bremen/21111333/
13074,2024-08-24,Mainz,Union Berlin,1593534696,21111336,Mainz,Union Berlin,bundesliga-mainz-union_berlin,https://userbet.info/lineups_fixture/bundesliga-mainz-union_berlin/21111336/
13075,2024-08-24,RB Leipzig,Bochum,1593534689,21111337,RB Leipzig,Bochum,bundesliga-rb_leipzig-bochum,https://userbet.info/lineups_fixture/bundesliga-rb_leipzig-bochum/21111337/
13073,2024-08-24,Hoffenheim,Holstein Kiel,1593534688,21111335,Hoffenheim,Holstein Kiel,bundesliga-hoffenheim-holstein_kiel,https://userbet.info/lineups_fixture/bundesliga-hoffenheim-holstein_kiel/21111335/
13076,2024-08-24,Dortmund,Ein Frankfurt,1593534692,21111338,Dortmund (Ger),Eintracht Frankfurt,bundesliga-dortmund_ger-eintracht_frankfurt,https://userbet.info/lineups_fixture/bundesliga-dortmund_ger-eintracht_frankfurt/21111338/
13072,2024-08-24,Freiburg,Stuttgart,1593534694,21111334,Freiburg,Stuttgart,bundesliga-freiburg-stuttgart,https://userbet.info/lineups_fixture/bundesliga-freiburg-stuttgart/21111334/
13078,2024-08-25,St Pauli,Heidenheim,1593534693,21112574,St. Pauli (Ger),Heidenheim (Ger),bundesliga-st._pauli_ger-heidenheim_ger,https://userbet.info/lineups_fixture/bundesliga-st._pauli_ger-heidenheim_ger/21112574/
13077,2024-08-25,Wolfsburg,Bayern Munich,1593534695,21112573,Wolfsburg,Bayern Munich,bundesliga-wolfsburg-bayern_munich,https://userbet.info/lineups_fixture/bundesliga-wolfsburg-bayern_munich/21112573/
13079,2024-08-30,Union Berlin,St Pauli,1595525844,21114705,Union Berlin,St. Pauli (Ger),bundesliga-union_berlin-st._pauli_ger,https://userbet.info/lineups_fixture/bundesliga-union_berlin-st._pauli_ger/21114705/
13083,2024-08-31,Stuttgart,Mainz,1595514830,21115712,Stuttgart,Mainz,bundesliga-stuttgart-mainz,https://userbet.info/lineups_fixture/bundesliga-stuttgart-mainz/21115712/
13085,2024-08-31,Leverkusen,RB Leipzig,1595514828,21115713,Bayer Leverkusen (Ger),RB Leipzig,bundesliga-bayer_leverkusen_ger-rb_leipzig,https://userbet.info/lineups_fixture/bundesliga-bayer_leverkusen_ger-rb_leipzig/21115713/
13084,2024-08-31,Werder Bremen,Dortmund,1595515933,21115709,Werder Bremen,Dortmund (Ger),bundesliga-werder_bremen-dortmund_ger,https://userbet.info/lineups_fixture/bundesliga-werder_bremen-dortmund_ger/21115709/
13080,2024-08-31,Bochum,M'gladbach,1595525841,21115708,Bochum,B. Monchengladbach,bundesliga-bochum-b._monchengladbach,https://userbet.info/lineups_fixture/bundesliga-bochum-b._monchengladbach/21115708/
13081,2024-08-31,Ein Frankfurt,Hoffenheim,1595525842,21115710,Eintracht Frankfurt,Hoffenheim,bundesliga-eintracht_frankfurt-hoffenheim,https://userbet.info/lineups_fixture/bundesliga-eintracht_frankfurt-hoffenheim/21115710/
13082,2024-08-31,Holstein Kiel,Wolfsburg,1595525827,21115711,Holstein Kiel,Wolfsburg,bundesliga-holstein_kiel-wolfsburg,https://userbet.info/lineups_fixture/bundesliga-holstein_kiel-wolfsburg/21115711/
13086,2024-09-01,Heidenheim,Augsburg,1595525825,21116953,Heidenheim (Ger),Augsburg,bundesliga-heidenheim_ger-augsburg,https://userbet.info/lineups_fixture/bundesliga-heidenheim_ger-augsburg/21116953/
13087,2024-09-01,Bayern Munich,Freiburg,1595525819,21116954,Bayern Munich,Freiburg,bundesliga-bayern_munich-freiburg,https://userbet.info/lineups_fixture/bundesliga-bayern_munich-freiburg/21116954/
13088,2024-09-13,Dortmund,Heidenheim,1596236313,21123344,Dortmund (Ger),Heidenheim (Ger),bundesliga-dortmund_ger-heidenheim_ger,https://userbet.info/lineups_fixture/bundesliga-dortmund_ger-heidenheim_ger/21123344/
13094,2024-09-14,Holstein Kiel,Bayern Munich,1596236270,21124394,Holstein Kiel,Bayern Munich,bundesliga-holstein_kiel-bayern_munich,https://userbet.info/lineups_fixture/bundesliga-holstein_kiel-bayern_munich/21124394/
13089,2024-09-14,Freiburg,Bochum,1596236268,21124389,Freiburg,Bochum,bundesliga-freiburg-bochum,https://userbet.info/lineups_fixture/bundesliga-freiburg-bochum/21124389/
13090,2024-09-14,Hoffenheim,Leverkusen,1596236261,21124390,Hoffenheim,Bayer Leverkusen (Ger),bundesliga-hoffenheim-bayer_leverkusen_ger,https://userbet.info/lineups_fixture/bundesliga-hoffenheim-bayer_leverkusen_ger/21124390/
13091,2024-09-14,M'gladbach,Stuttgart,1596236266,21124391,B. Monchengladbach,Stuttgart,bundesliga-b._monchengladbach-stuttgart,https://userbet.info/lineups_fixture/bundesliga-b._monchengladbach-stuttgart/21124391/
13092,2024-09-14,RB Leipzig,Union Berlin,1596236264,21124392,RB Leipzig,Union Berlin,bundesliga-rb_leipzig-union_berlin,https://userbet.info/lineups_fixture/bundesliga-rb_leipzig-union_berlin/21124392/
13093,2024-09-14,Wolfsburg,Ein Frankfurt,1596236269,21124393,Wolfsburg,Eintracht Frankfurt,bundesliga-wolfsburg-eintracht_frankfurt,https://userbet.info/lineups_fixture/bundesliga-wolfsburg-eintracht_frankfurt/21124393/
13096,2024-09-15,Mainz,Werder Bremen,1596236287,21125846,Mainz,Werder Bremen,bundesliga-mainz-werder_bremen,https://userbet.info/lineups_fixture/bundesliga-mainz-werder_bremen/21125846/
13095,2024-09-15,Augsburg,St Pauli,1596236265,21125845,Augsburg,St. Pauli (Ger),bundesliga-augsburg-st._pauli_ger,https://userbet.info/lineups_fixture/bundesliga-augsburg-st._pauli_ger/21125845/
13097,2024-09-20,Augsburg,Mainz,1596725152,21127851,Augsburg,Mainz,bundesliga-augsburg-mainz,https://userbet.info/lineups_fixture/bundesliga-augsburg-mainz/21127851/
13102,2024-09-21,Ein Frankfurt,M'gladbach,1596725379,21128921,Eintracht Frankfurt,B. Monchengladbach,bundesliga-eintracht_frankfurt-b._monchengladbach,https://userbet.info/lineups_fixture/bundesliga-eintracht_frankfurt-b._monchengladbach/21128921/
13099,2024-09-21,Heidenheim,Freiburg,1596725509,21128919,Heidenheim (Ger),Freiburg,bundesliga-heidenheim_ger-freiburg,https://userbet.info/lineups_fixture/bundesliga-heidenheim_ger-freiburg/21128919/
13100,2024-09-21,Union Berlin,Hoffenheim,1596722767,21128920,Union Berlin,Hoffenheim,bundesliga-union_berlin-hoffenheim,https://userbet.info/lineups_fixture/bundesliga-union_berlin-hoffenheim/21128920/
13101,2024-09-21,Werder Bremen,Bayern Munich,1596722771,21128918,Werder Bremen,Bayern Munich,bundesliga-werder_bremen-bayern_munich,https://userbet.info/lineups_fixture/bundesliga-werder_bremen-bayern_munich/21128918/
13098,2024-09-21,Bochum,Holstein Kiel,1596716594,21128917,Bochum,Holstein Kiel,bundesliga-bochum-holstein_kiel,https://userbet.info/lineups_fixture/bundesliga-bochum-holstein_kiel/21128917/
13104,2024-09-22,Stuttgart,Dortmund,1596727020,21130372,Stuttgart,Dortmund (Ger),bundesliga-stuttgart-dortmund_ger,https://userbet.info/lineups_fixture/bundesliga-stuttgart-dortmund_ger/21130372/
13103,2024-09-22,Leverkusen,Wolfsburg,1596727019,21130371,Bayer Leverkusen (Ger),Wolfsburg,bundesliga-bayer_leverkusen_ger-wolfsburg,https://userbet.info/lineups_fixture/bundesliga-bayer_leverkusen_ger-wolfsburg/21130371/
13105,2024-09-22,St Pauli,RB Leipzig,1596716726,21130373,St. Pauli (Ger),RB Leipzig,bundesliga-st._pauli_ger-rb_leipzig,https://userbet.info/lineups_fixture/bundesliga-st._pauli_ger-rb_leipzig/21130373/
13106,2024-09-27,Dortmund,Bochum,1597183586,21133025,Dortmund (Ger),Bochum,bundesliga-dortmund_ger-bochum,https://userbet.info/lineups_fixture/bundesliga-dortmund_ger-bochum/21133025/
13107,2024-09-28,Freiburg,St Pauli,1597183583,21133992,Freiburg,St. Pauli (Ger),bundesliga-freiburg-st._pauli_ger,https://userbet.info/lineups_fixture/bundesliga-freiburg-st._pauli_ger/21133992/
13112,2024-09-28,Bayern Munich,Leverkusen,1597183533,21133997,Bayern Munich,Bayer Leverkusen (Ger),bundesliga-bayern_munich-bayer_leverkusen_ger,https://userbet.info/lineups_fixture/bundesliga-bayern_munich-bayer_leverkusen_ger/21133997/
13110,2024-09-28,RB Leipzig,Augsburg,1597183534,21133995,RB Leipzig,Augsburg,bundesliga-rb_leipzig-augsburg,https://userbet.info/lineups_fixture/bundesliga-rb_leipzig-augsburg/21133995/
13109,2024-09-28,M'gladbach,Union Berlin,1597183536,21133994,B. Monchengladbach,Union Berlin,bundesliga-b._monchengladbach-union_berlin,https://userbet.info/lineups_fixture/bundesliga-b._monchengladbach-union_berlin/21133994/
13111,2024-09-28,Wolfsburg,Stuttgart,1597183632,21133996,Wolfsburg,Stuttgart,bundesliga-wolfsburg-stuttgart,https://userbet.info/lineups_fixture/bundesliga-wolfsburg-stuttgart/21133996/
13108,2024-09-28,Mainz,Heidenheim,1597183535,21133993,Mainz,Heidenheim (Ger),bundesliga-mainz-heidenheim_ger,https://userbet.info/lineups_fixture/bundesliga-mainz-heidenheim_ger/21133993/
13114,2024-09-29,Hoffenheim,Werder Bremen,1597183584,21135467,Hoffenheim,Werder Bremen,bundesliga-hoffenheim-werder_bremen,https://userbet.info/lineups_fixture/bundesliga-hoffenheim-werder_bremen/21135467/
13113,2024-09-29,Holstein Kiel,Ein Frankfurt,1597183589,21135466,Holstein Kiel,Eintracht Frankfurt,bundesliga-holstein_kiel-eintracht_frankfurt,https://userbet.info/lineups_fixture/bundesliga-holstein_kiel-eintracht_frankfurt/21135466/
13115,2024-10-04,Augsburg,M'gladbach,1597648684,21137710,Augsburg,B. Monchengladbach,bundesliga-augsburg-b._monchengladbach,https://userbet.info/lineups_fixture/bundesliga-augsburg-b._monchengladbach/21137710/
13117,2024-10-05,Leverkusen,Holstein Kiel,1597648672,21138743,Bayer Leverkusen (Ger),Holstein Kiel,bundesliga-bayer_leverkusen_ger-holstein_kiel,https://userbet.info/lineups_fixture/bundesliga-bayer_leverkusen_ger-holstein_kiel/21138743/
13116,2024-10-05,Bochum,Wolfsburg,1597648696,21138741,Bochum,Wolfsburg,bundesliga-bochum-wolfsburg,https://userbet.info/lineups_fixture/bundesliga-bochum-wolfsburg/21138741/
13118,2024-10-05,Union Berlin,Dortmund,1597648693,21138744,Union Berlin,Dortmund (Ger),bundesliga-union_berlin-dortmund_ger,https://userbet.info/lineups_fixture/bundesliga-union_berlin-dortmund_ger/21138744/
13119,2024-10-05,Werder Bremen,Freiburg,1597648686,21138742,Werder Bremen,Freiburg,bundesliga-werder_bremen-freiburg,https://userbet.info/lineups_fixture/bundesliga-werder_bremen-freiburg/21138742/
13120,2024-10-05,St Pauli,Mainz,1597648690,21138745,St. Pauli (Ger),Mainz,bundesliga-st._pauli_ger-mainz,https://userbet.info/lineups_fixture/bundesliga-st._pauli_ger-mainz/21138745/
13123,2024-10-06,Stuttgart,Hoffenheim,1597648676,21140113,Stuttgart,Hoffenheim,bundesliga-stuttgart-hoffenheim,https://userbet.info/lineups_fixture/bundesliga-stuttgart-hoffenheim/21140113/
13122,2024-10-06,Ein Frankfurt,Bayern Munich,1597648694,21140112,Eintracht Frankfurt,Bayern Munich,bundesliga-eintracht_frankfurt-bayern_munich,https://userbet.info/lineups_fixture/bundesliga-eintracht_frankfurt-bayern_munich/21140112/
13121,2024-10-06,Heidenheim,RB Leipzig,1597648675,21140111,Heidenheim (Ger),RB Leipzig,bundesliga-heidenheim_ger-rb_leipzig,https://userbet.info/lineups_fixture/bundesliga-heidenheim_ger-rb_leipzig/21140111/
13124,2024-10-18,Dortmund,St Pauli,1598229675,21145565,Dortmund (Ger),St. Pauli (Ger),bundesliga-dortmund_ger-st._pauli_ger,https://userbet.info/lineups_fixture/bundesliga-dortmund_ger-st._pauli_ger/21145565/
13129,2024-10-19,M'gladbach,Heidenheim,1598229676,21146553,B. Monchengladbach,Heidenheim (Ger),bundesliga-b._monchengladbach-heidenheim_ger,https://userbet.info/lineups_fixture/bundesliga-b._monchengladbach-heidenheim_ger/21146553/
13127,2024-10-19,Leverkusen,Ein Frankfurt,1598229681,21146551,Bayer Leverkusen (Ger),Eintracht Frankfurt,bundesliga-bayer_leverkusen_ger-eintracht_frankfurt,https://userbet.info/lineups_fixture/bundesliga-bayer_leverkusen_ger-eintracht_frankfurt/21146551/
13130,2024-10-19,Bayern Munich,Stuttgart,1598229673,21146554,Bayern Munich,Stuttgart,bundesliga-bayern_munich-stuttgart,https://userbet.info/lineups_fixture/bundesliga-bayern_munich-stuttgart/21146554/
13128,2024-10-19,Mainz,RB Leipzig,1598229680,21146552,Mainz,RB Leipzig,bundesliga-mainz-rb_leipzig,https://userbet.info/lineups_fixture/bundesliga-mainz-rb_leipzig/21146552/
13126,2024-10-19,Hoffenheim,Bochum,1598229674,21146550,Hoffenheim,Bochum,bundesliga-hoffenheim-bochum,https://userbet.info/lineups_fixture/bundesliga-hoffenheim-bochum/21146550/
13125,2024-10-19,Freiburg,Augsburg,1598229678,21146549,Freiburg,Augsburg,bundesliga-freiburg-augsburg,https://userbet.info/lineups_fixture/bundesliga-freiburg-augsburg/21146549/
13132,2024-10-20,Wolfsburg,Werder Bremen,1598229672,21148035,Wolfsburg,Werder Bremen,bundesliga-wolfsburg-werder_bremen,https://userbet.info/lineups_fixture/bundesliga-wolfsburg-werder_bremen/21148035/
13131,2024-10-20,Holstein Kiel,Union Berlin,1598229677,21148034,Holstein Kiel,Union Berlin,bundesliga-holstein_kiel-union_berlin,https://userbet.info/lineups_fixture/bundesliga-holstein_kiel-union_berlin/21148034/
13133,2024-10-25,Mainz,M'gladbach,1598710918,21150349,Mainz,B. Monchengladbach,bundesliga-mainz-b._monchengladbach,https://userbet.info/lineups_fixture/bundesliga-mainz-b._monchengladbach/21150349/
13137,2024-10-26,Stuttgart,Holstein Kiel,1598742323,21151284,Stuttgart,Holstein Kiel,bundesliga-stuttgart-holstein_kiel,https://userbet.info/lineups_fixture/bundesliga-stuttgart-holstein_kiel/21151284/
13136,2024-10-26,St Pauli,Wolfsburg,1598742336,21151283,St. Pauli (Ger),Wolfsburg,bundesliga-st._pauli_ger-wolfsburg,https://userbet.info/lineups_fixture/bundesliga-st._pauli_ger-wolfsburg/21151283/
13134,2024-10-26,Augsburg,Dortmund,1598742302,21151281,Augsburg,Dortmund (Ger),bundesliga-augsburg-dortmund_ger,https://userbet.info/lineups_fixture/bundesliga-augsburg-dortmund_ger/21151281/
13135,2024-10-26,RB Leipzig,Freiburg,1598742307,21151282,RB Leipzig,Freiburg,bundesliga-rb_leipzig-freiburg,https://userbet.info/lineups_fixture/bundesliga-rb_leipzig-freiburg/21151282/
13138,2024-10-26,Werder Bremen,Leverkusen,1598742290,21151285,Werder Bremen,Bayer Leverkusen (Ger),bundesliga-werder_bremen-bayer_leverkusen_ger,https://userbet.info/lineups_fixture/bundesliga-werder_bremen-bayer_leverkusen_ger/21151285/
13141,2024-10-27,Heidenheim,Hoffenheim,1598742289,21152626,Heidenheim (Ger),Hoffenheim,bundesliga-heidenheim_ger-hoffenheim,https://userbet.info/lineups_fixture/bundesliga-heidenheim_ger-hoffenheim/21152626/
13140,2024-10-27,Union Berlin,Ein Frankfurt,1598742332,21152625,Union Berlin,Eintracht Frankfurt,bundesliga-union_berlin-eintracht_frankfurt,https://userbet.info/lineups_fixture/bundesliga-union_berlin-eintracht_frankfurt/21152625/
13139,2024-10-27,Bochum,Bayern Munich,1598742303,21152624,Bochum,Bayern Munich,bundesliga-bochum-bayern_munich,https://userbet.info/lineups_fixture/bundesliga-bochum-bayern_munich/21152624/
13142,2024-11-01,Leverkusen,Stuttgart,1599289840,21154789,Bayer Leverkusen (Ger),Stuttgart,bundesliga-bayer_leverkusen_ger-stuttgart,https://userbet.info/lineups_fixture/bundesliga-bayer_leverkusen_ger-stuttgart/21154789/
13146,2024-11-02,Holstein Kiel,Heidenheim,1599289830,21155731,Holstein Kiel,Heidenheim (Ger),bundesliga-holstein_kiel-heidenheim_ger,https://userbet.info/lineups_fixture/bundesliga-holstein_kiel-heidenheim_ger/21155731/
13144,2024-11-02,Ein Frankfurt,Bochum,1599289844,21155729,Eintracht Frankfurt,Bochum,bundesliga-eintracht_frankfurt-bochum,https://userbet.info/lineups_fixture/bundesliga-eintracht_frankfurt-bochum/21155729/
13145,2024-11-02,Hoffenheim,St Pauli,1599289828,21155730,Hoffenheim,St. Pauli (Ger),bundesliga-hoffenheim-st._pauli_ger,https://userbet.info/lineups_fixture/bundesliga-hoffenheim-st._pauli_ger/21155730/
13143,2024-11-02,Bayern Munich,Union Berlin,1599289827,21155728,Bayern Munich,Union Berlin,bundesliga-bayern_munich-union_berlin,https://userbet.info/lineups_fixture/bundesliga-bayern_munich-union_berlin/21155728/
13148,2024-11-02,Dortmund,RB Leipzig,1599289841,21155733,Dortmund (Ger),RB Leipzig,bundesliga-dortmund_ger-rb_leipzig,https://userbet.info/lineups_fixture/bundesliga-dortmund_ger-rb_leipzig/21155733/
13147,2024-11-02,Wolfsburg,Augsburg,1599289836,21155732,Wolfsburg,Augsburg,bundesliga-wolfsburg-augsburg,https://userbet.info/lineups_fixture/bundesliga-wolfsburg-augsburg/21155732/
13150,2024-11-03,M'gladbach,Werder Bremen,1599289843,21157004,B. Monchengladbach,Werder Bremen,bundesliga-b._monchengladbach-werder_bremen,https://userbet.info/lineups_fixture/bundesliga-b._monchengladbach-werder_bremen/21157004/
13149,2024-11-03,Freiburg,Mainz,1599289839,21157003,Freiburg,Mainz,bundesliga-freiburg-mainz,https://userbet.info/lineups_fixture/bundesliga-freiburg-mainz/21157003/
13151,2024-11-08,Union Berlin,Freiburg,1599734754,21159151,Union Berlin,Freiburg,bundesliga-union_berlin-freiburg,https://userbet.info/lineups_fixture/bundesliga-union_berlin-freiburg/21159151/
13154,2024-11-09,St Pauli,Bayern Munich,1599734752,21160089,St. Pauli (Ger),Bayern Munich,bundesliga-st._pauli_ger-bayern_munich,https://userbet.info/lineups_fixture/bundesliga-st._pauli_ger-bayern_munich/21160089/
13153,2024-11-09,Mainz,Dortmund,1599734751,21160088,Mainz,Dortmund (Ger),bundesliga-mainz-dortmund_ger,https://userbet.info/lineups_fixture/bundesliga-mainz-dortmund_ger/21160088/
13152,2024-11-09,Bochum,Leverkusen,1599734749,21160086,Bochum,Bayer Leverkusen (Ger),bundesliga-bochum-bayer_leverkusen_ger,https://userbet.info/lineups_fixture/bundesliga-bochum-bayer_leverkusen_ger/21160086/
13155,2024-11-09,Werder Bremen,Holstein Kiel,1599734753,21160087,Werder Bremen,Holstein Kiel,bundesliga-werder_bremen-holstein_kiel,https://userbet.info/lineups_fixture/bundesliga-werder_bremen-holstein_kiel/21160087/
13156,2024-11-09,RB Leipzig,M'gladbach,1599734767,21160090,RB Leipzig,B. Monchengladbach,bundesliga-rb_leipzig-b._monchengladbach,https://userbet.info/lineups_fixture/bundesliga-rb_leipzig-b._monchengladbach/21160090/
13159,2024-11-10,Heidenheim,Wolfsburg,1599734760,21161202,Heidenheim (Ger),Wolfsburg,bundesliga-heidenheim_ger-wolfsburg,https://userbet.info/lineups_fixture/bundesliga-heidenheim_ger-wolfsburg/21161202/
13157,2024-11-10,Augsburg,Hoffenheim,1599734748,21161200,Augsburg,Hoffenheim,bundesliga-augsburg-hoffenheim,https://userbet.info/lineups_fixture/bundesliga-augsburg-hoffenheim/21161200/
13158,2024-11-10,Stuttgart,Ein Frankfurt,1599734757,21161201,Stuttgart,Eintracht Frankfurt,bundesliga-stuttgart-eintracht_frankfurt,https://userbet.info/lineups_fixture/bundesliga-stuttgart-eintracht_frankfurt/21161201/
13160,2024-11-22,Bayern Munich,Augsburg,1600190490,21165774,Bayern Munich,Augsburg,bundesliga-bayern_munich-augsburg,https://userbet.info/lineups_fixture/bundesliga-bayern_munich-augsburg/21165774/
13166,2024-11-23,Ein Frankfurt,Werder Bremen,1600190482,21166430,Eintracht Frankfurt,Werder Bremen,bundesliga-eintracht_frankfurt-werder_bremen,https://userbet.info/lineups_fixture/bundesliga-eintracht_frankfurt-werder_bremen/21166430/
13161,2024-11-23,Dortmund,Freiburg,1600190489,21166425,Dortmund (Ger),Freiburg,bundesliga-dortmund_ger-freiburg,https://userbet.info/lineups_fixture/bundesliga-dortmund_ger-freiburg/21166425/
13162,2024-11-23,Hoffenheim,RB Leipzig,1600190477,21166426,Hoffenheim,RB Leipzig,bundesliga-hoffenheim-rb_leipzig,https://userbet.info/lineups_fixture/bundesliga-hoffenheim-rb_leipzig/21166426/
13163,2024-11-23,Leverkusen,Heidenheim,1600190519,21166427,Bayer Leverkusen (Ger),Heidenheim (Ger),bundesliga-bayer_leverkusen_ger-heidenheim_ger,https://userbet.info/lineups_fixture/bundesliga-bayer_leverkusen_ger-heidenheim_ger/21166427/
13164,2024-11-23,Stuttgart,Bochum,1600190500,21166428,Stuttgart,Bochum,bundesliga-stuttgart-bochum,https://userbet.info/lineups_fixture/bundesliga-stuttgart-bochum/21166428/
13165,2024-11-23,Wolfsburg,Union Berlin,1600190492,21166429,Wolfsburg,Union Berlin,bundesliga-wolfsburg-union_berlin,https://userbet.info/lineups_fixture/bundesliga-wolfsburg-union_berlin/21166429/
13167,2024-11-24,Holstein Kiel,Mainz,1600190510,21167489,Holstein Kiel,Mainz,bundesliga-holstein_kiel-mainz,https://userbet.info/lineups_fixture/bundesliga-holstein_kiel-mainz/21167489/
13168,2024-11-24,M'gladbach,St Pauli,1600190505,21167490,B. Monchengladbach,St. Pauli (Ger),bundesliga-b._monchengladbach-st._pauli_ger,https://userbet.info/lineups_fixture/bundesliga-b._monchengladbach-st._pauli_ger/21167490/
13169,2024-11-29,St Pauli,Holstein Kiel,1600830079,21169055,St. Pauli (Ger),Holstein Kiel,bundesliga-st._pauli_ger-holstein_kiel,https://userbet.info/lineups_fixture/bundesliga-st._pauli_ger-holstein_kiel/21169055/
13170,2024-11-30,Augsburg,Bochum,1600831716,21169620,Augsburg,Bochum,bundesliga-augsburg-bochum,https://userbet.info/lineups_fixture/bundesliga-augsburg-bochum/21169620/
13173,2024-11-30,Union Berlin,Leverkusen,1600831359,21169624,Union Berlin,Bayer Leverkusen (Ger),bundesliga-union_berlin-bayer_leverkusen_ger,https://userbet.info/lineups_fixture/bundesliga-union_berlin-bayer_leverkusen_ger/21169624/
13172,2024-11-30,RB Leipzig,Wolfsburg,1600830081,21169623,RB Leipzig,Wolfsburg,bundesliga-rb_leipzig-wolfsburg,https://userbet.info/lineups_fixture/bundesliga-rb_leipzig-wolfsburg/21169623/
13171,2024-11-30,Freiburg,M'gladbach,1600831358,21169622,Freiburg,B. Monchengladbach,bundesliga-freiburg-b._monchengladbach,https://userbet.info/lineups_fixture/bundesliga-freiburg-b._monchengladbach/21169622/
13175,2024-11-30,Dortmund,Bayern Munich,1600831717,21169625,Dortmund (Ger),Bayern Munich,bundesliga-dortmund_ger-bayern_munich,https://userbet.info/lineups_fixture/bundesliga-dortmund_ger-bayern_munich/21169625/
13174,2024-11-30,Werder Bremen,Stuttgart,1600830082,21169621,Werder Bremen,Stuttgart,bundesliga-werder_bremen-stuttgart,https://userbet.info/lineups_fixture/bundesliga-werder_bremen-stuttgart/21169621/
13177,2024-12-01,Heidenheim,Ein Frankfurt,1600830089,21170531,Heidenheim (Ger),Eintracht Frankfurt,bundesliga-heidenheim_ger-eintracht_frankfurt,https://userbet.info/lineups_fixture/bundesliga-heidenheim_ger-eintracht_frankfurt/21170531/
13176,2024-12-01,Mainz,Hoffenheim,1600830088,21170530,Mainz,Hoffenheim,bundesliga-mainz-hoffenheim,https://userbet.info/lineups_fixture/bundesliga-mainz-hoffenheim/21170530/
13178,2024-12-06,Stuttgart,Union Berlin,1601181886,21172089,Stuttgart,Union Berlin,bundesliga-stuttgart-union_berlin,https://userbet.info/lineups_fixture/bundesliga-stuttgart-union_berlin/21172089/
13181,2024-12-07,Ein Frankfurt,Augsburg,1601182906,21172638,Eintracht Frankfurt,Augsburg,bundesliga-eintracht_frankfurt-augsburg,https://userbet.info/lineups_fixture/bundesliga-eintracht_frankfurt-augsburg/21172638/
13179,2024-12-07,Bayern Munich,Heidenheim,1601182905,21172636,Bayern Munich,Heidenheim (Ger),bundesliga-bayern_munich-heidenheim_ger,https://userbet.info/lineups_fixture/bundesliga-bayern_munich-heidenheim_ger/21172636/
13180,2024-12-07,Bochum,Werder Bremen,1601181807,21172637,Bochum,Werder Bremen,bundesliga-bochum-werder_bremen,https://userbet.info/lineups_fixture/bundesliga-bochum-werder_bremen/21172637/
13182,2024-12-07,Holstein Kiel,RB Leipzig,1601181887,21172639,Holstein Kiel,RB Leipzig,bundesliga-holstein_kiel-rb_leipzig,https://userbet.info/lineups_fixture/bundesliga-holstein_kiel-rb_leipzig/21172639/
13183,2024-12-07,Leverkusen,St Pauli,1601181808,21172640,Bayer Leverkusen (Ger),St. Pauli (Ger),bundesliga-bayer_leverkusen_ger-st._pauli_ger,https://userbet.info/lineups_fixture/bundesliga-bayer_leverkusen_ger-st._pauli_ger/21172640/
13184,2024-12-07,M'gladbach,Dortmund,1601181884,21172641,B. Monchengladbach,Dortmund (Ger),bundesliga-b._monchengladbach-dortmund_ger,https://userbet.info/lineups_fixture/bundesliga-b._monchengladbach-dortmund_ger/21172641/
13186,2024-12-08,Hoffenheim,Freiburg,1601181885,21173486,Hoffenheim,Freiburg,bundesliga-hoffenheim-freiburg,https://userbet.info/lineups_fixture/bundesliga-hoffenheim-freiburg/21173486/
13185,2024-12-08,Wolfsburg,Mainz,1601182907,21173485,Wolfsburg,Mainz,bundesliga-wolfsburg-mainz,https://userbet.info/lineups_fixture/bundesliga-wolfsburg-mainz/21173485/
13187,2024-12-13,Freiburg,Wolfsburg,1601548533,21174887,Freiburg,Wolfsburg,bundesliga-freiburg-wolfsburg,https://userbet.info/lineups_fixture/bundesliga-freiburg-wolfsburg/21174887/
13190,2024-12-14,M'gladbach,Holstein Kiel,1601548534,21175354,B. Monchengladbach,Holstein Kiel,bundesliga-b._monchengladbach-holstein_kiel,https://userbet.info/lineups_fixture/bundesliga-b._monchengladbach-holstein_kiel/21175354/
13188,2024-12-14,Augsburg,Leverkusen,1601545881,21175352,Augsburg,Bayer Leverkusen (Ger),bundesliga-augsburg-bayer_leverkusen_ger,https://userbet.info/lineups_fixture/bundesliga-augsburg-bayer_leverkusen_ger/21175352/
13189,2024-12-14,Mainz,Bayern Munich,1601547027,21175353,Mainz,Bayern Munich,bundesliga-mainz-bayern_munich,https://userbet.info/lineups_fixture/bundesliga-mainz-bayern_munich/21175353/
13192,2024-12-14,St Pauli,Werder Bremen,1601547031,21175356,St. Pauli (Ger),Werder Bremen,bundesliga-st._pauli_ger-werder_bremen,https://userbet.info/lineups_fixture/bundesliga-st._pauli_ger-werder_bremen/21175356/
13191,2024-12-14,Union Berlin,Bochum,1601547030,21175355,Union Berlin,Bochum,bundesliga-union_berlin-bochum,https://userbet.info/lineups_fixture/bundesliga-union_berlin-bochum/21175355/
13195,2024-12-15,RB Leipzig,Ein Frankfurt,1601547029,21175987,RB Leipzig,Eintracht Frankfurt,bundesliga-rb_leipzig-eintracht_frankfurt,https://userbet.info/lineups_fixture/bundesliga-rb_leipzig-eintracht_frankfurt/21175987/
13194,2024-12-15,Dortmund,Hoffenheim,1601547028,21175986,Dortmund (Ger),Hoffenheim,bundesliga-dortmund_ger-hoffenheim,https://userbet.info/lineups_fixture/bundesliga-dortmund_ger-hoffenheim/21175986/
13193,2024-12-15,Heidenheim,Stuttgart,1601548535,21175985,Heidenheim (Ger),Stuttgart,bundesliga-heidenheim_ger-stuttgart,https://userbet.info/lineups_fixture/bundesliga-heidenheim_ger-stuttgart/21175985/
13196,2024-12-20,Bayern Munich,RB Leipzig,1601911503,21177291,Bayern Munich,RB Leipzig,bundesliga-bayern_munich-rb_leipzig,https://userbet.info/lineups_fixture/bundesliga-bayern_munich-rb_leipzig/21177291/
13200,2024-12-21,Stuttgart,St Pauli,1601911502,21177685,Stuttgart,St. Pauli (Ger),bundesliga-stuttgart-st._pauli_ger,https://userbet.info/lineups_fixture/bundesliga-stuttgart-st._pauli_ger/21177685/
13198,2024-12-21,Hoffenheim,M'gladbach,1601911504,21177683,Hoffenheim,B. Monchengladbach,bundesliga-hoffenheim-b._monchengladbach,https://userbet.info/lineups_fixture/bundesliga-hoffenheim-b._monchengladbach/21177683/
13199,2024-12-21,Holstein Kiel,Augsburg,1601909544,21177684,Holstein Kiel,Augsburg,bundesliga-holstein_kiel-augsburg,https://userbet.info/lineups_fixture/bundesliga-holstein_kiel-augsburg/21177684/
13197,2024-12-21,Ein Frankfurt,Mainz,1601909547,21177682,Eintracht Frankfurt,Mainz,bundesliga-eintracht_frankfurt-mainz,https://userbet.info/lineups_fixture/bundesliga-eintracht_frankfurt-mainz/21177682/
13201,2024-12-21,Werder Bremen,Union Berlin,1601909545,21177681,Werder Bremen,Union Berlin,bundesliga-werder_bremen-union_berlin,https://userbet.info/lineups_fixture/bundesliga-werder_bremen-union_berlin/21177681/
13202,2024-12-21,Leverkusen,Freiburg,1601909546,21177686,Bayer Leverkusen (Ger),Freiburg,bundesliga-bayer_leverkusen_ger-freiburg,https://userbet.info/lineups_fixture/bundesliga-bayer_leverkusen_ger-freiburg/21177686/
13204,2024-12-22,Wolfsburg,Dortmund,1601911501,21178161,Wolfsburg,Dortmund (Ger),bundesliga-wolfsburg-dortmund_ger,https://userbet.info/lineups_fixture/bundesliga-wolfsburg-dortmund_ger/21178161/
13203,2024-12-22,Bochum,Heidenheim,1601910935,21178160,Bochum,Heidenheim (Ger),bundesliga-bochum-heidenheim_ger,https://userbet.info/lineups_fixture/bundesliga-bochum-heidenheim_ger/21178160/
13205,2025-01-10,Dortmund,Leverkusen,,21181405,Dortmund (Ger),Bayer Leverkusen (Ger),bundesliga-dortmund_ger-bayer_leverkusen_ger,https://userbet.info/lineups_fixture/bundesliga-dortmund_ger-bayer_leverkusen_ger/21181405/
13209,2025-01-11,Mainz,Bochum,1602216976,21181864,Mainz,Bochum,bundesliga-mainz-bochum,https://userbet.info/lineups_fixture/bundesliga-mainz-bochum/21181864/
13211,2025-01-11,M'gladbach,Bayern Munich,1602218019,21181866,B. Monchengladbach,Bayern Munich,bundesliga-b._monchengladbach-bayern_munich,https://userbet.info/lineups_fixture/bundesliga-b._monchengladbach-bayern_munich/21181866/
13208,2025-01-11,Hoffenheim,Wolfsburg,1602216977,21181863,Hoffenheim,Wolfsburg,bundesliga-hoffenheim-wolfsburg,https://userbet.info/lineups_fixture/bundesliga-hoffenheim-wolfsburg/21181863/
13210,2025-01-11,St Pauli,Ein Frankfurt,1602218318,21181865,St. Pauli (Ger),Eintracht Frankfurt,bundesliga-st._pauli_ger-eintracht_frankfurt,https://userbet.info/lineups_fixture/bundesliga-st._pauli_ger-eintracht_frankfurt/21181865/
13207,2025-01-11,Heidenheim,Union Berlin,1602218018,21181862,Heidenheim (Ger),Union Berlin,bundesliga-heidenheim_ger-union_berlin,https://userbet.info/lineups_fixture/bundesliga-heidenheim_ger-union_berlin/21181862/
13206,2025-01-11,Freiburg,Holstein Kiel,1602218319,21181861,Freiburg,Holstein Kiel,bundesliga-freiburg-holstein_kiel,https://userbet.info/lineups_fixture/bundesliga-freiburg-holstein_kiel/21181861/
13213,2025-01-12,Augsburg,Stuttgart,1602220677,21182553,Augsburg,Stuttgart,bundesliga-augsburg-stuttgart,https://userbet.info/lineups_fixture/bundesliga-augsburg-stuttgart/21182553/
13212,2025-01-12,RB Leipzig,Werder Bremen,1602220676,21182552,RB Leipzig,Werder Bremen,bundesliga-rb_leipzig-werder_bremen,https://userbet.info/lineups_fixture/bundesliga-rb_leipzig-werder_bremen/21182552/
13215,2025-01-14,Ein Frankfurt,Freiburg,1602462734,21183241,Eintracht Frankfurt,Freiburg,bundesliga-eintracht_frankfurt-freiburg,https://userbet.info/lineups_fixture/bundesliga-eintracht_frankfurt-freiburg/21183241/
13217,2025-01-14,Wolfsburg,M'gladbach,1602463636,21183243,Wolfsburg,B. Monchengladbach,bundesliga-wolfsburg-b._monchengladbach,https://userbet.info/lineups_fixture/bundesliga-wolfsburg-b._monchengladbach/21183243/
13216,2025-01-14,Leverkusen,Mainz,1602462732,21183242,Bayer Leverkusen (Ger),Mainz,bundesliga-bayer_leverkusen_ger-mainz,https://userbet.info/lineups_fixture/bundesliga-bayer_leverkusen_ger-mainz/21183242/
13214,2025-01-14,Holstein Kiel,Dortmund,1602463635,21183240,Holstein Kiel,Dortmund (Ger),bundesliga-holstein_kiel-dortmund_ger,https://userbet.info/lineups_fixture/bundesliga-holstein_kiel-dortmund_ger/21183240/
13219,2025-01-15,Bayern Munich,Hoffenheim,1602462630,21183486,Bayern Munich,Hoffenheim,bundesliga-bayern_munich-hoffenheim,https://userbet.info/lineups_fixture/bundesliga-bayern_munich-hoffenheim/21183486/
13222,2025-01-15,Werder Bremen,Heidenheim,1602462631,21183487,Werder Bremen,Heidenheim (Ger),bundesliga-werder_bremen-heidenheim_ger,https://userbet.info/lineups_fixture/bundesliga-werder_bremen-heidenheim_ger/21183487/
13221,2025-01-15,Union Berlin,Augsburg,1602462632,21183489,Union Berlin,Augsburg,bundesliga-union_berlin-augsburg,https://userbet.info/lineups_fixture/bundesliga-union_berlin-augsburg/21183489/
13220,2025-01-15,Stuttgart,RB Leipzig,1602462629,21183488,Stuttgart,RB Leipzig,bundesliga-stuttgart-rb_leipzig,https://userbet.info/lineups_fixture/bundesliga-stuttgart-rb_leipzig/21183488/
13218,2025-01-15,Bochum,St Pauli,1602462733,21183485,Bochum,St. Pauli (Ger),bundesliga-bochum-st._pauli_ger,https://userbet.info/lineups_fixture/bundesliga-bochum-st._pauli_ger/21183485/
13223,2025-01-17,Ein Frankfurt,Dortmund,1602826114,21183912,Eintracht Frankfurt,Dortmund (Ger),bundesliga-eintracht_frankfurt-dortmund_ger,https://userbet.info/lineups_fixture/bundesliga-eintracht_frankfurt-dortmund_ger/21183912/
13229,2025-01-18,Leverkusen,M'gladbach,1602850677,21184494,Bayer Leverkusen (Ger),B. Monchengladbach,bundesliga-bayer_leverkusen_ger-b._monchengladbach,https://userbet.info/lineups_fixture/bundesliga-bayer_leverkusen_ger-b._monchengladbach/21184494/
13224,2025-01-18,Bayern Munich,Wolfsburg,1602850635,21184489,Bayern Munich,Wolfsburg,bundesliga-bayern_munich-wolfsburg,https://userbet.info/lineups_fixture/bundesliga-bayern_munich-wolfsburg/21184489/
13226,2025-01-18,Heidenheim,St Pauli,1602849207,21184491,Heidenheim (Ger),St. Pauli (Ger),bundesliga-heidenheim_ger-st._pauli_ger,https://userbet.info/lineups_fixture/bundesliga-heidenheim_ger-st._pauli_ger/21184491/
13225,2025-01-18,Bochum,RB Leipzig,1602850634,21184490,Bochum,RB Leipzig,bundesliga-bochum-rb_leipzig,https://userbet.info/lineups_fixture/bundesliga-bochum-rb_leipzig/21184490/
13227,2025-01-18,Holstein Kiel,Hoffenheim,1602849205,21184492,Holstein Kiel,Hoffenheim,bundesliga-holstein_kiel-hoffenheim,https://userbet.info/lineups_fixture/bundesliga-holstein_kiel-hoffenheim/21184492/
13228,2025-01-18,Stuttgart,Freiburg,1602853581,21184493,Stuttgart,Freiburg,bundesliga-stuttgart-freiburg,https://userbet.info/lineups_fixture/bundesliga-stuttgart-freiburg/21184493/
13230,2025-01-19,Union Berlin,Mainz,1602893602,21185300,Union Berlin,Mainz,bundesliga-union_berlin-mainz,https://userbet.info/lineups_fixture/bundesliga-union_berlin-mainz/21185300/
13231,2025-01-19,Werder Bremen,Augsburg,1602899213,21185301,Werder Bremen,Augsburg,bundesliga-werder_bremen-augsburg,https://userbet.info/lineups_fixture/bundesliga-werder_bremen-augsburg/21185301/
13232,2025-01-24,Wolfsburg,Holstein Kiel,1603087861,21186969,Wolfsburg,Holstein Kiel,bundesliga-wolfsburg-holstein_kiel,https://userbet.info/lineups_fixture/bundesliga-wolfsburg-holstein_kiel/21186969/
13237,2025-01-25,RB Leipzig,Leverkusen,1603110930,21187592,RB Leipzig,Bayer Leverkusen (Ger),bundesliga-rb_leipzig-bayer_leverkusen_ger,https://userbet.info/lineups_fixture/bundesliga-rb_leipzig-bayer_leverkusen_ger/21187592/
13234,2025-01-25,Dortmund,Werder Bremen,1603115029,21187589,Dortmund (Ger),Werder Bremen,bundesliga-dortmund_ger-werder_bremen,https://userbet.info/lineups_fixture/bundesliga-dortmund_ger-werder_bremen/21187589/
13238,2025-01-25,M'gladbach,Bochum,1603145659,21187593,B. Monchengladbach,Bochum,bundesliga-b._monchengladbach-bochum,https://userbet.info/lineups_fixture/bundesliga-b._monchengladbach-bochum/21187593/
13235,2025-01-25,Freiburg,Bayern Munich,1603110585,21187590,Freiburg,Bayern Munich,bundesliga-freiburg-bayern_munich,https://userbet.info/lineups_fixture/bundesliga-freiburg-bayern_munich/21187590/
13236,2025-01-25,Mainz,Stuttgart,1603110929,21187591,Mainz,Stuttgart,bundesliga-mainz-stuttgart,https://userbet.info/lineups_fixture/bundesliga-mainz-stuttgart/21187591/
13233,2025-01-25,Augsburg,Heidenheim,1603115031,21187588,Augsburg,Heidenheim (Ger),bundesliga-augsburg-heidenheim_ger,https://userbet.info/lineups_fixture/bundesliga-augsburg-heidenheim_ger/21187588/
13239,2025-01-26,Hoffenheim,Ein Frankfurt,1603162769,21188569,Hoffenheim,Eintracht Frankfurt,bundesliga-hoffenheim-eintracht_frankfurt,https://userbet.info/lineups_fixture/bundesliga-hoffenheim-eintracht_frankfurt/21188569/
13240,2025-01-26,St Pauli,Union Berlin,1603162770,21188570,St. Pauli (Ger),Union Berlin,bundesliga-st._pauli_ger-union_berlin,https://userbet.info/lineups_fixture/bundesliga-st._pauli_ger-union_berlin/21188570/
13241,2025-01-31,Werder Bremen,Mainz,1603305574,21190455,Werder Bremen,Mainz,bundesliga-werder_bremen-mainz,https://userbet.info/lineups_fixture/bundesliga-werder_bremen-mainz/21190455/
13245,2025-02-01,St Pauli,Augsburg,1603307825,21191145,St. Pauli (Ger),Augsburg,bundesliga-st._pauli_ger-augsburg,https://userbet.info/lineups_fixture/bundesliga-st._pauli_ger-augsburg/21191145/
13243,2025-02-01,Bochum,Freiburg,1603307826,21191143,Bochum,Freiburg,bundesliga-bochum-freiburg,https://userbet.info/lineups_fixture/bundesliga-bochum-freiburg/21191143/
13244,2025-02-01,Heidenheim,Dortmund,1603305573,21191144,Heidenheim (Ger),Dortmund (Ger),bundesliga-heidenheim_ger-dortmund_ger,https://userbet.info/lineups_fixture/bundesliga-heidenheim_ger-dortmund_ger/21191144/
13246,2025-02-01,Stuttgart,M'gladbach,1603307827,21191146,Stuttgart,B. Monchengladbach,bundesliga-stuttgart-b._monchengladbach,https://userbet.info/lineups_fixture/bundesliga-stuttgart-b._monchengladbach/21191146/
13247,2025-02-01,Union Berlin,RB Leipzig,1603305572,21191147,Union Berlin,RB Leipzig,bundesliga-union_berlin-rb_leipzig,https://userbet.info/lineups_fixture/bundesliga-union_berlin-rb_leipzig/21191147/
13242,2025-02-01,Bayern Munich,Holstein Kiel,1603312918,21191142,Bayern Munich,Holstein Kiel,bundesliga-bayern_munich-holstein_kiel,https://userbet.info/lineups_fixture/bundesliga-bayern_munich-holstein_kiel/21191142/
13249,2025-02-02,Leverkusen,Hoffenheim,1603297757,21192065,Bayer Leverkusen (Ger),Hoffenheim,bundesliga-bayer_leverkusen_ger-hoffenheim,https://userbet.info/lineups_fixture/bundesliga-bayer_leverkusen_ger-hoffenheim/21192065/
13248,2025-02-02,Ein Frankfurt,Wolfsburg,1603307824,21192064,Eintracht Frankfurt,Wolfsburg,bundesliga-eintracht_frankfurt-wolfsburg,https://userbet.info/lineups_fixture/bundesliga-eintracht_frankfurt-wolfsburg/21192064/
13250,2025-02-07,Bayern Munich,Werder Bremen,1603640983,21193900,Bayern Munich,Werder Bremen,bundesliga-bayern_munich-werder_bremen,https://userbet.info/lineups_fixture/bundesliga-bayern_munich-werder_bremen/21193900/
13251,2025-02-08,Dortmund,Stuttgart,1603639176,21194590,Dortmund (Ger),Stuttgart,bundesliga-dortmund_ger-stuttgart,https://userbet.info/lineups_fixture/bundesliga-dortmund_ger-stuttgart/21194590/
13256,2025-02-08,M'gladbach,Ein Frankfurt,1603638017,21194595,B. Monchengladbach,Eintracht Frankfurt,bundesliga-b._monchengladbach-eintracht_frankfurt,https://userbet.info/lineups_fixture/bundesliga-b._monchengladbach-eintracht_frankfurt/21194595/
13253,2025-02-08,Hoffenheim,Union Berlin,1603639178,21194592,Hoffenheim,Union Berlin,bundesliga-hoffenheim-union_berlin,https://userbet.info/lineups_fixture/bundesliga-hoffenheim-union_berlin/21194592/
13254,2025-02-08,Mainz,Augsburg,1603638015,21194593,Mainz,Augsburg,bundesliga-mainz-augsburg,https://userbet.info/lineups_fixture/bundesliga-mainz-augsburg/21194593/
13255,2025-02-08,Wolfsburg,Leverkusen,1603638016,21194594,Wolfsburg,Bayer Leverkusen (Ger),bundesliga-wolfsburg-bayer_leverkusen_ger,https://userbet.info/lineups_fixture/bundesliga-wolfsburg-bayer_leverkusen_ger/21194594/
13252,2025-02-08,Freiburg,Heidenheim,1603639177,21194591,Freiburg,Heidenheim (Ger),bundesliga-freiburg-heidenheim_ger,https://userbet.info/lineups_fixture/bundesliga-freiburg-heidenheim_ger/21194591/
13258,2025-02-09,RB Leipzig,St Pauli,1603640985,21195699,RB Leipzig,St. Pauli (Ger),bundesliga-rb_leipzig-st._pauli_ger,https://userbet.info/lineups_fixture/bundesliga-rb_leipzig-st._pauli_ger/21195699/
13257,2025-02-09,Holstein Kiel,Bochum,1603640984,21195698,Holstein Kiel,Bochum,bundesliga-holstein_kiel-bochum,https://userbet.info/lineups_fixture/bundesliga-holstein_kiel-bochum/21195698/
13259,2025-02-14,Augsburg,RB Leipzig,1603962828,21197674,Augsburg,RB Leipzig,bundesliga-augsburg-rb_leipzig,https://userbet.info/lineups_fixture/bundesliga-augsburg-rb_leipzig/21197674/
13263,2025-02-15,Union Berlin,M'gladbach,1603966495,21198457,Union Berlin,B. Monchengladbach,bundesliga-union_berlin-b._monchengladbach,https://userbet.info/lineups_fixture/bundesliga-union_berlin-b._monchengladbach/21198457/
13264,2025-02-15,Leverkusen,Bayern Munich,1603962831,21198458,Bayer Leverkusen (Ger),Bayern Munich,bundesliga-bayer_leverkusen_ger-bayern_munich,https://userbet.info/lineups_fixture/bundesliga-bayer_leverkusen_ger-bayern_munich/21198458/
13261,2025-02-15,St Pauli,Freiburg,1603962833,21198455,St. Pauli (Ger),Freiburg,bundesliga-st._pauli_ger-freiburg,https://userbet.info/lineups_fixture/bundesliga-st._pauli_ger-freiburg/21198455/
13262,2025-02-15,Stuttgart,Wolfsburg,1603966496,21198456,Stuttgart,Wolfsburg,bundesliga-stuttgart-wolfsburg,https://userbet.info/lineups_fixture/bundesliga-stuttgart-wolfsburg/21198456/
13260,2025-02-15,Bochum,Dortmund,1603962829,21198454,Bochum,Dortmund (Ger),bundesliga-bochum-dortmund_ger,https://userbet.info/lineups_fixture/bundesliga-bochum-dortmund_ger/21198454/
13267,2025-02-16,Heidenheim,Mainz,1603965941,21199585,Heidenheim (Ger),Mainz,bundesliga-heidenheim_ger-mainz,https://userbet.info/lineups_fixture/bundesliga-heidenheim_ger-mainz/21199585/
13265,2025-02-16,Werder Bremen,Hoffenheim,1603962830,21199583,Werder Bremen,Hoffenheim,bundesliga-werder_bremen-hoffenheim,https://userbet.info/lineups_fixture/bundesliga-werder_bremen-hoffenheim/21199583/
13266,2025-02-16,Ein Frankfurt,Holstein Kiel,1603962832,21199584,Eintracht Frankfurt,Holstein Kiel,bundesliga-eintracht_frankfurt-holstein_kiel,https://userbet.info/lineups_fixture/bundesliga-eintracht_frankfurt-holstein_kiel/21199584/
13268,2025-02-21,Freiburg,Werder Bremen,1604310990,21201494,Freiburg,Werder Bremen,bundesliga-freiburg-werder_bremen,https://userbet.info/lineups_fixture/bundesliga-freiburg-werder_bremen/21201494/
13272,2025-02-22,Wolfsburg,Bochum,1604314235,21202289,Wolfsburg,Bochum,bundesliga-wolfsburg-bochum,https://userbet.info/lineups_fixture/bundesliga-wolfsburg-bochum/21202289/
13271,2025-02-22,M'gladbach,Augsburg,1604314233,21202288,B. Monchengladbach,Augsburg,bundesliga-b._monchengladbach-augsburg,https://userbet.info/lineups_fixture/bundesliga-b._monchengladbach-augsburg/21202288/
13273,2025-02-22,Dortmund,Union Berlin,1604317778,21202290,Dortmund (Ger),Union Berlin,bundesliga-dortmund_ger-union_berlin,https://userbet.info/lineups_fixture/bundesliga-dortmund_ger-union_berlin/21202290/
13270,2025-02-22,Mainz,St Pauli,1604314234,21202287,Mainz,St. Pauli (Ger),bundesliga-mainz-st._pauli_ger,https://userbet.info/lineups_fixture/bundesliga-mainz-st._pauli_ger/21202287/
13269,2025-02-22,Holstein Kiel,Leverkusen,1604310989,21202286,Holstein Kiel,Bayer Leverkusen (Ger),bundesliga-holstein_kiel-bayer_leverkusen_ger,https://userbet.info/lineups_fixture/bundesliga-holstein_kiel-bayer_leverkusen_ger/21202286/
13275,2025-02-23,Bayern Munich,Ein Frankfurt,1604310988,21203397,Bayern Munich,Eintracht Frankfurt,bundesliga-bayern_munich-eintracht_frankfurt,https://userbet.info/lineups_fixture/bundesliga-bayern_munich-eintracht_frankfurt/21203397/
13276,2025-02-23,Hoffenheim,Stuttgart,1604317777,21203398,Hoffenheim,Stuttgart,bundesliga-hoffenheim-stuttgart,https://userbet.info/lineups_fixture/bundesliga-hoffenheim-stuttgart/21203398/
13274,2025-02-23,RB Leipzig,Heidenheim,1604317776,21203396,RB Leipzig,Heidenheim (Ger),bundesliga-rb_leipzig-heidenheim_ger,https://userbet.info/lineups_fixture/bundesliga-rb_leipzig-heidenheim_ger/21203396/
13277,2025-02-28,Stuttgart,Bayern Munich,1604691424,21205499,Stuttgart,Bayern Munich,bundesliga-stuttgart-bayern_munich,https://userbet.info/lineups_fixture/bundesliga-stuttgart-bayern_munich/21205499/
13278,2025-03-01,Bochum,Hoffenheim,1604681855,21206195,Bochum,Hoffenheim,bundesliga-bochum-hoffenheim,https://userbet.info/lineups_fixture/bundesliga-bochum-hoffenheim/21206195/
13283,2025-03-01,Ein Frankfurt,Leverkusen,1604681854,21206200,Eintracht Frankfurt,Bayer Leverkusen (Ger),bundesliga-eintracht_frankfurt-bayer_leverkusen_ger,https://userbet.info/lineups_fixture/bundesliga-eintracht_frankfurt-bayer_leverkusen_ger/21206200/
13282,2025-03-01,Werder Bremen,Wolfsburg,1604684884,21206196,Werder Bremen,Wolfsburg,bundesliga-werder_bremen-wolfsburg,https://userbet.info/lineups_fixture/bundesliga-werder_bremen-wolfsburg/21206196/
13279,2025-03-01,Heidenheim,M'gladbach,1604684886,21206197,Heidenheim (Ger),B. Monchengladbach,bundesliga-heidenheim_ger-b._monchengladbach,https://userbet.info/lineups_fixture/bundesliga-heidenheim_ger-b._monchengladbach/21206197/
13280,2025-03-01,RB Leipzig,Mainz,1604684885,21206198,RB Leipzig,Mainz,bundesliga-rb_leipzig-mainz,https://userbet.info/lineups_fixture/bundesliga-rb_leipzig-mainz/21206198/
13281,2025-03-01,St Pauli,Dortmund,1604681856,21206199,St. Pauli (Ger),Dortmund (Ger),bundesliga-st._pauli_ger-dortmund_ger,https://userbet.info/lineups_fixture/bundesliga-st._pauli_ger-dortmund_ger/21206199/
13284,2025-03-02,Union Berlin,Holstein Kiel,1604691423,21207310,Union Berlin,Holstein Kiel,bundesliga-union_berlin-holstein_kiel,https://userbet.info/lineups_fixture/bundesliga-union_berlin-holstein_kiel/21207310/
13285,2025-03-02,Augsburg,Freiburg,1604691422,21207311,Augsburg,Freiburg,bundesliga-augsburg-freiburg,https://userbet.info/lineups_fixture/bundesliga-augsburg-freiburg/21207311/
13286,2025-03-07,M'gladbach,Mainz,1605045352,21209145,B. Monchengladbach,Mainz,bundesliga-b._monchengladbach-mainz,https://userbet.info/lineups_fixture/bundesliga-b._monchengladbach-mainz/21209145/
13291,2025-03-08,Wolfsburg,St Pauli,1605045675,21210074,Wolfsburg,St. Pauli (Ger),bundesliga-wolfsburg-st._pauli_ger,https://userbet.info/lineups_fixture/bundesliga-wolfsburg-st._pauli_ger/21210074/
13287,2025-03-08,Bayern Munich,Bochum,1605045356,21210070,Bayern Munich,Bochum,bundesliga-bayern_munich-bochum,https://userbet.info/lineups_fixture/bundesliga-bayern_munich-bochum/21210070/
13288,2025-03-08,Dortmund,Augsburg,1605045353,21210071,Dortmund (Ger),Augsburg,bundesliga-dortmund_ger-augsburg,https://userbet.info/lineups_fixture/bundesliga-dortmund_ger-augsburg/21210071/
13292,2025-03-08,Freiburg,RB Leipzig,1605039579,21210075,Freiburg,RB Leipzig,bundesliga-freiburg-rb_leipzig,https://userbet.info/lineups_fixture/bundesliga-freiburg-rb_leipzig/21210075/
13289,2025-03-08,Holstein Kiel,Stuttgart,1605045674,21210072,Holstein Kiel,Stuttgart,bundesliga-holstein_kiel-stuttgart,https://userbet.info/lineups_fixture/bundesliga-holstein_kiel-stuttgart/21210072/
13290,2025-03-08,Leverkusen,Werder Bremen,1605039578,21210073,Bayer Leverkusen (Ger),Werder Bremen,bundesliga-bayer_leverkusen_ger-werder_bremen,https://userbet.info/lineups_fixture/bundesliga-bayer_leverkusen_ger-werder_bremen/21210073/
13293,2025-03-09,Ein Frankfurt,Union Berlin,1605045354,21211367,Eintracht Frankfurt,Union Berlin,bundesliga-eintracht_frankfurt-union_berlin,https://userbet.info/lineups_fixture/bundesliga-eintracht_frankfurt-union_berlin/21211367/
13294,2025-03-09,Hoffenheim,Heidenheim,1605045355,21211368,Hoffenheim,Heidenheim (Ger),bundesliga-hoffenheim-heidenheim_ger,https://userbet.info/lineups_fixture/bundesliga-hoffenheim-heidenheim_ger/21211368/
13295,2025-03-14,St Pauli,Hoffenheim,1605457433,21213347,St. Pauli (Ger),Hoffenheim,bundesliga-st._pauli_ger-hoffenheim,https://userbet.info/lineups_fixture/bundesliga-st._pauli_ger-hoffenheim/21213347/
13296,2025-03-15,Augsburg,Wolfsburg,1605445639,21214305,Augsburg,Wolfsburg,bundesliga-augsburg-wolfsburg,https://userbet.info/lineups_fixture/bundesliga-augsburg-wolfsburg/21214305/
13299,2025-03-15,Werder Bremen,M'gladbach,1605452043,21214306,Werder Bremen,B. Monchengladbach,bundesliga-werder_bremen-b._monchengladbach,https://userbet.info/lineups_fixture/bundesliga-werder_bremen-b._monchengladbach/21214306/
13298,2025-03-15,Union Berlin,Bayern Munich,1605457435,21214308,Union Berlin,Bayern Munich,bundesliga-union_berlin-bayern_munich,https://userbet.info/lineups_fixture/bundesliga-union_berlin-bayern_munich/21214308/
13297,2025-03-15,Mainz,Freiburg,1605457432,21214307,Mainz,Freiburg,bundesliga-mainz-freiburg,https://userbet.info/lineups_fixture/bundesliga-mainz-freiburg/21214307/
13300,2025-03-15,RB Leipzig,Dortmund,1605457434,21214309,RB Leipzig,Dortmund (Ger),bundesliga-rb_leipzig-dortmund_ger,https://userbet.info/lineups_fixture/bundesliga-rb_leipzig-dortmund_ger/21214309/
13302,2025-03-16,Heidenheim,Holstein Kiel,1605452045,21215575,Heidenheim (Ger),Holstein Kiel,bundesliga-heidenheim_ger-holstein_kiel,https://userbet.info/lineups_fixture/bundesliga-heidenheim_ger-holstein_kiel/21215575/
13301,2025-03-16,Bochum,Ein Frankfurt,1605452044,21215574,Bochum,Eintracht Frankfurt,bundesliga-bochum-eintracht_frankfurt,https://userbet.info/lineups_fixture/bundesliga-bochum-eintracht_frankfurt/21215574/
13303,2025-03-16,Stuttgart,Leverkusen,1605445638,21215576,Stuttgart,Bayer Leverkusen (Ger),bundesliga-stuttgart-bayer_leverkusen_ger,https://userbet.info/lineups_fixture/bundesliga-stuttgart-bayer_leverkusen_ger/21215576/
13304,2025-03-28,Leverkusen,Bochum,1605867496,21220724,Bayer Leverkusen (Ger),Bochum,bundesliga-bayer_leverkusen_ger-bochum,https://userbet.info/lineups_fixture/bundesliga-bayer_leverkusen_ger-bochum/21220724/
13308,2025-03-29,M'gladbach,RB Leipzig,1605863584,21221766,B. Monchengladbach,RB Leipzig,bundesliga-b._monchengladbach-rb_leipzig,https://userbet.info/lineups_fixture/bundesliga-b._monchengladbach-rb_leipzig/21221766/
13307,2025-03-29,Holstein Kiel,Werder Bremen,1605867495,21221765,Holstein Kiel,Werder Bremen,bundesliga-holstein_kiel-werder_bremen,https://userbet.info/lineups_fixture/bundesliga-holstein_kiel-werder_bremen/21221765/
13306,2025-03-29,Hoffenheim,Augsburg,1605867498,21221764,Hoffenheim,Augsburg,bundesliga-hoffenheim-augsburg,https://userbet.info/lineups_fixture/bundesliga-hoffenheim-augsburg/21221764/
13305,2025-03-29,Bayern Munich,St Pauli,1605867497,21221763,Bayern Munich,St. Pauli (Ger),bundesliga-bayern_munich-st._pauli_ger,https://userbet.info/lineups_fixture/bundesliga-bayern_munich-st._pauli_ger/21221763/
13310,2025-03-29,Ein Frankfurt,Stuttgart,1605863585,21221768,Eintracht Frankfurt,Stuttgart,bundesliga-eintracht_frankfurt-stuttgart,https://userbet.info/lineups_fixture/bundesliga-eintracht_frankfurt-stuttgart/21221768/
13309,2025-03-29,Wolfsburg,Heidenheim,1605863586,21221767,Wolfsburg,Heidenheim (Ger),bundesliga-wolfsburg-heidenheim_ger,https://userbet.info/lineups_fixture/bundesliga-wolfsburg-heidenheim_ger/21221767/
13312,2025-03-30,Dortmund,Mainz,1605863587,21223171,Dortmund (Ger),Mainz,bundesliga-dortmund_ger-mainz,https://userbet.info/lineups_fixture/bundesliga-dortmund_ger-mainz/21223171/
13311,2025-03-30,Freiburg,Union Berlin,1605863583,21223170,Freiburg,Union Berlin,bundesliga-freiburg-union_berlin,https://userbet.info/lineups_fixture/bundesliga-freiburg-union_berlin/21223170/
13313,2025-04-04,Augsburg,Bayern Munich,1606360705,21225126,Augsburg,Bayern Munich,bundesliga-augsburg-bayern_munich,https://userbet.info/lineups_fixture/bundesliga-augsburg-bayern_munich/21225126/
13314,2025-04-05,Bochum,Stuttgart,1606363173,21226214,Bochum,Stuttgart,bundesliga-bochum-stuttgart,https://userbet.info/lineups_fixture/bundesliga-bochum-stuttgart/21226214/
13316,2025-04-05,Heidenheim,Leverkusen,1606363175,21226216,Heidenheim (Ger),Bayer Leverkusen (Ger),bundesliga-heidenheim_ger-bayer_leverkusen_ger,https://userbet.info/lineups_fixture/bundesliga-heidenheim_ger-bayer_leverkusen_ger/21226216/
13319,2025-04-05,Werder Bremen,Ein Frankfurt,1606360707,21226219,Werder Bremen,Eintracht Frankfurt,bundesliga-werder_bremen-eintracht_frankfurt,https://userbet.info/lineups_fixture/bundesliga-werder_bremen-eintracht_frankfurt/21226219/
13318,2025-04-05,RB Leipzig,Hoffenheim,1606360706,21226218,RB Leipzig,Hoffenheim,bundesliga-rb_leipzig-hoffenheim,https://userbet.info/lineups_fixture/bundesliga-rb_leipzig-hoffenheim/21226218/
13317,2025-04-05,Mainz,Holstein Kiel,1606348706,21226217,Mainz,Holstein Kiel,bundesliga-mainz-holstein_kiel,https://userbet.info/lineups_fixture/bundesliga-mainz-holstein_kiel/21226217/
13315,2025-04-05,Freiburg,Dortmund,1606363174,21226215,Freiburg,Dortmund (Ger),bundesliga-freiburg-dortmund_ger,https://userbet.info/lineups_fixture/bundesliga-freiburg-dortmund_ger/21226215/
13320,2025-04-06,St Pauli,M'gladbach,1606363176,21227574,St. Pauli (Ger),B. Monchengladbach,bundesliga-st._pauli_ger-b._monchengladbach,https://userbet.info/lineups_fixture/bundesliga-st._pauli_ger-b._monchengladbach/21227574/
13321,2025-04-06,Union Berlin,Wolfsburg,1606348707,21227575,Union Berlin,Wolfsburg,bundesliga-union_berlin-wolfsburg,https://userbet.info/lineups_fixture/bundesliga-union_berlin-wolfsburg/21227575/
13322,2025-04-11,Wolfsburg,RB Leipzig,1606931369,21229656,Wolfsburg,RB Leipzig,bundesliga-wolfsburg-rb_leipzig,https://userbet.info/lineups_fixture/bundesliga-wolfsburg-rb_leipzig/21229656/
13326,2025-04-12,Leverkusen,Union Berlin,1606927631,21230769,Bayer Leverkusen (Ger),Union Berlin,bundesliga-bayer_leverkusen_ger-union_berlin,https://userbet.info/lineups_fixture/bundesliga-bayer_leverkusen_ger-union_berlin/21230769/
13325,2025-04-12,Holstein Kiel,St Pauli,1606930994,21230768,Holstein Kiel,St. Pauli (Ger),bundesliga-holstein_kiel-st._pauli_ger,https://userbet.info/lineups_fixture/bundesliga-holstein_kiel-st._pauli_ger/21230768/
13324,2025-04-12,Hoffenheim,Mainz,1606927565,21230767,Hoffenheim,Mainz,bundesliga-hoffenheim-mainz,https://userbet.info/lineups_fixture/bundesliga-hoffenheim-mainz/21230767/
13328,2025-04-12,Bayern Munich,Dortmund,1606927632,21230771,Bayern Munich,Dortmund (Ger),bundesliga-bayern_munich-dortmund_ger,https://userbet.info/lineups_fixture/bundesliga-bayern_munich-dortmund_ger/21230771/
13327,2025-04-12,M'gladbach,Freiburg,1606931370,21230770,B. Monchengladbach,Freiburg,bundesliga-b._monchengladbach-freiburg,https://userbet.info/lineups_fixture/bundesliga-b._monchengladbach-freiburg/21230770/
13323,2025-04-12,Bochum,Augsburg,1606930993,21230766,Bochum,Augsburg,bundesliga-bochum-augsburg,https://userbet.info/lineups_fixture/bundesliga-bochum-augsburg/21230766/
13330,2025-04-13,Ein Frankfurt,Heidenheim,1606930992,21232179,Eintracht Frankfurt,Heidenheim (Ger),bundesliga-eintracht_frankfurt-heidenheim_ger,https://userbet.info/lineups_fixture/bundesliga-eintracht_frankfurt-heidenheim_ger/21232179/
13329,2025-04-13,Stuttgart,Werder Bremen,1606927630,21232178,Stuttgart,Werder Bremen,bundesliga-stuttgart-werder_bremen,https://userbet.info/lineups_fixture/bundesliga-stuttgart-werder_bremen/21232178/
13335,2025-04-19,Werder Bremen,Bochum,1607248111,21235588,Werder Bremen,Bochum,bundesliga-werder_bremen-bochum,https://userbet.info/lineups_fixture/bundesliga-werder_bremen-bochum/21235588/
13331,2025-04-19,Freiburg,Hoffenheim,1607248110,21235589,Freiburg,Hoffenheim,bundesliga-freiburg-hoffenheim,https://userbet.info/lineups_fixture/bundesliga-freiburg-hoffenheim/21235589/
13333,2025-04-19,Mainz,Wolfsburg,1607248114,21235591,Mainz,Wolfsburg,bundesliga-mainz-wolfsburg,https://userbet.info/lineups_fixture/bundesliga-mainz-wolfsburg/21235591/
13332,2025-04-19,Heidenheim,Bayern Munich,1607248280,21235590,Heidenheim (Ger),Bayern Munich,bundesliga-heidenheim_ger-bayern_munich,https://userbet.info/lineups_fixture/bundesliga-heidenheim_ger-bayern_munich/21235590/
13334,2025-04-19,RB Leipzig,Holstein Kiel,1607248113,21235592,RB Leipzig,Holstein Kiel,bundesliga-rb_leipzig-holstein_kiel,https://userbet.info/lineups_fixture/bundesliga-rb_leipzig-holstein_kiel/21235592/
13336,2025-04-19,Union Berlin,Stuttgart,1607263646,21235593,Union Berlin,Stuttgart,bundesliga-union_berlin-stuttgart,https://userbet.info/lineups_fixture/bundesliga-union_berlin-stuttgart/21235593/
13338,2025-04-20,Dortmund,M'gladbach,1607347043,21236610,Dortmund (Ger),B. Monchengladbach,bundesliga-dortmund_ger-b._monchengladbach,https://userbet.info/lineups_fixture/bundesliga-dortmund_ger-b._monchengladbach/21236610/
13337,2025-04-20,Augsburg,Ein Frankfurt,1607339491,21236609,Augsburg,Eintracht Frankfurt,bundesliga-augsburg-eintracht_frankfurt,https://userbet.info/lineups_fixture/bundesliga-augsburg-eintracht_frankfurt/21236609/
13339,2025-04-20,St Pauli,Leverkusen,1607352793,21236611,St. Pauli (Ger),Bayer Leverkusen (Ger),bundesliga-st._pauli_ger-bayer_leverkusen_ger,https://userbet.info/lineups_fixture/bundesliga-st._pauli_ger-bayer_leverkusen_ger/21236611/
13340,2025-04-25,Stuttgart,Heidenheim,1607659210,21238561,Stuttgart,Heidenheim (Ger),bundesliga-stuttgart-heidenheim_ger,https://userbet.info/lineups_fixture/bundesliga-stuttgart-heidenheim_ger/21238561/
13343,2025-04-26,Holstein Kiel,M'gladbach,1607709100,21239621,Holstein Kiel,B. Monchengladbach,bundesliga-holstein_kiel-b._monchengladbach,https://userbet.info/lineups_fixture/bundesliga-holstein_kiel-b._monchengladbach/21239621/
13346,2025-04-26,Ein Frankfurt,RB Leipzig,1607733432,21239624,Eintracht Frankfurt,RB Leipzig,bundesliga-eintracht_frankfurt-rb_leipzig,https://userbet.info/lineups_fixture/bundesliga-eintracht_frankfurt-rb_leipzig/21239624/
13341,2025-04-26,Bayern Munich,Mainz,1607709101,21239619,Bayern Munich,Mainz,bundesliga-bayern_munich-mainz,https://userbet.info/lineups_fixture/bundesliga-bayern_munich-mainz/21239619/
13345,2025-04-26,Wolfsburg,Freiburg,1607707242,21239623,Wolfsburg,Freiburg,bundesliga-wolfsburg-freiburg,https://userbet.info/lineups_fixture/bundesliga-wolfsburg-freiburg/21239623/
13344,2025-04-26,Leverkusen,Augsburg,1607707239,21239622,Bayer Leverkusen (Ger),Augsburg,bundesliga-bayer_leverkusen_ger-augsburg,https://userbet.info/lineups_fixture/bundesliga-bayer_leverkusen_ger-augsburg/21239622/
13342,2025-04-26,Hoffenheim,Dortmund,1607709102,21239620,Hoffenheim,Dortmund (Ger),bundesliga-hoffenheim-dortmund_ger,https://userbet.info/lineups_fixture/bundesliga-hoffenheim-dortmund_ger/21239620/
13347,2025-04-27,Bochum,Union Berlin,1607811556,22228126,Bochum,Union Berlin,bundesliga-bochum-union_berlin,https://userbet.info/lineups_fixture/bundesliga-bochum-union_berlin/22228126/
13348,2025-04-27,Werder Bremen,St Pauli,1607707241,22228127,Werder Bremen,St. Pauli (Ger),bundesliga-werder_bremen-st._pauli_ger,https://userbet.info/lineups_fixture/bundesliga-werder_bremen-st._pauli_ger/22228127/
13349,2025-05-02,Heidenheim,Bochum,1608130358,25581100,Heidenheim (Ger),Bochum,bundesliga-heidenheim_ger-bochum,https://userbet.info/lineups_fixture/bundesliga-heidenheim_ger-bochum/25581100/
13354,2025-05-03,Dortmund,Wolfsburg,1608187623,26597761,Dortmund (Ger),Wolfsburg,bundesliga-dortmund_ger-wolfsburg,https://userbet.info/lineups_fixture/bundesliga-dortmund_ger-wolfsburg/26597761/
13353,2025-05-03,Union Berlin,Werder Bremen,1608175343,26597760,Union Berlin,Werder Bremen,bundesliga-union_berlin-werder_bremen,https://userbet.info/lineups_fixture/bundesliga-union_berlin-werder_bremen/26597760/
13352,2025-05-03,St Pauli,Stuttgart,1608175345,26597759,St. Pauli (Ger),Stuttgart,bundesliga-st._pauli_ger-stuttgart,https://userbet.info/lineups_fixture/bundesliga-st._pauli_ger-stuttgart/26597759/
13351,2025-05-03,RB Leipzig,Bayern Munich,1608175342,26597758,RB Leipzig,Bayern Munich,bundesliga-rb_leipzig-bayern_munich,https://userbet.info/lineups_fixture/bundesliga-rb_leipzig-bayern_munich/26597758/
13350,2025-05-03,M'gladbach,Hoffenheim,1608177653,26597757,B. Monchengladbach,Hoffenheim,bundesliga-b._monchengladbach-hoffenheim,https://userbet.info/lineups_fixture/bundesliga-b._monchengladbach-hoffenheim/26597757/
13355,2025-05-04,Augsburg,Holstein Kiel,1608269321,27957498,Augsburg,Holstein Kiel,bundesliga-augsburg-holstein_kiel,https://userbet.info/lineups_fixture/bundesliga-augsburg-holstein_kiel/27957498/
13357,2025-05-04,Mainz,Ein Frankfurt,1608284882,27957500,Mainz,Eintracht Frankfurt,bundesliga-mainz-eintracht_frankfurt,https://userbet.info/lineups_fixture/bundesliga-mainz-eintracht_frankfurt/27957500/
13356,2025-05-04,Freiburg,Leverkusen,1608278106,27957499,Freiburg,Bayer Leverkusen (Ger),bundesliga-freiburg-bayer_leverkusen_ger,https://userbet.info/lineups_fixture/bundesliga-freiburg-bayer_leverkusen_ger/27957499/
13358,2025-05-09,Wolfsburg,Hoffenheim,1608588566,31718480,Wolfsburg,Hoffenheim,bundesliga-wolfsburg-hoffenheim,https://userbet.info/lineups_fixture/bundesliga-wolfsburg-hoffenheim/31718480/
13360,2025-05-10,Holstein Kiel,Freiburg,1608638799,32711152,Holstein Kiel,Freiburg,bundesliga-holstein_kiel-freiburg,https://userbet.info/lineups_fixture/bundesliga-holstein_kiel-freiburg/32711152/
13363,2025-05-10,Bayern Munich,M'gladbach,1608650365,32711154,Bayern Munich,B. Monchengladbach,bundesliga-bayern_munich-b._monchengladbach,https://userbet.info/lineups_fixture/bundesliga-bayern_munich-b._monchengladbach/32711154/
13362,2025-05-10,Werder Bremen,RB Leipzig,1608635045,32711151,Werder Bremen,RB Leipzig,bundesliga-werder_bremen-rb_leipzig,https://userbet.info/lineups_fixture/bundesliga-werder_bremen-rb_leipzig/32711151/
13361,2025-05-10,Union Berlin,Heidenheim,1608638798,32711153,Union Berlin,Heidenheim (Ger),bundesliga-union_berlin-heidenheim_ger,https://userbet.info/lineups_fixture/bundesliga-union_berlin-heidenheim_ger/32711153/
13359,2025-05-10,Bochum,Mainz,1608635044,32711150,Bochum,Mainz,bundesliga-bochum-mainz,https://userbet.info/lineups_fixture/bundesliga-bochum-mainz/32711150/
13364,2025-05-11,Leverkusen,Dortmund,1608732050,34022567,Bayer Leverkusen (Ger),Dortmund (Ger),bundesliga-bayer_leverkusen_ger-dortmund_ger,https://userbet.info/lineups_fixture/bundesliga-bayer_leverkusen_ger-dortmund_ger/34022567/
13366,2025-05-11,Stuttgart,Augsburg,1608744840,34022569,Stuttgart,Augsburg,bundesliga-stuttgart-augsburg,https://userbet.info/lineups_fixture/bundesliga-stuttgart-augsburg/34022569/
13365,2025-05-11,Ein Frankfurt,St Pauli,1608737155,34022568,Eintracht Frankfurt,St. Pauli (Ger),bundesliga-eintracht_frankfurt-st._pauli_ger,https://userbet.info/lineups_fixture/bundesliga-eintracht_frankfurt-st._pauli_ger/34022568/
13371,2025-05-17,Hoffenheim,Bayern Munich,1609073131,38442940,Hoffenheim,Bayern Munich,bundesliga-hoffenheim-bayern_munich,https://userbet.info/lineups_fixture/bundesliga-hoffenheim-bayern_munich/38442940/
13374,2025-05-17,RB Leipzig,Stuttgart,1609066950,38442943,RB Leipzig,Stuttgart,bundesliga-rb_leipzig-stuttgart,https://userbet.info/lineups_fixture/bundesliga-rb_leipzig-stuttgart/38442943/
13373,2025-05-17,M'gladbach,Wolfsburg,1609073132,38442942,B. Monchengladbach,Wolfsburg,bundesliga-b._monchengladbach-wolfsburg,https://userbet.info/lineups_fixture/bundesliga-b._monchengladbach-wolfsburg/38442942/
13372,2025-05-17,Mainz,Leverkusen,1609073133,38442941,Mainz,Bayer Leverkusen (Ger),bundesliga-mainz-bayer_leverkusen_ger,https://userbet.info/lineups_fixture/bundesliga-mainz-bayer_leverkusen_ger/38442941/
13367,2025-05-17,Augsburg,Union Berlin,1609059030,38442936,Augsburg,Union Berlin,bundesliga-augsburg-union_berlin,https://userbet.info/lineups_fixture/bundesliga-augsburg-union_berlin/38442936/
13368,2025-05-17,Dortmund,Holstein Kiel,1609059031,38442937,Dortmund (Ger),Holstein Kiel,bundesliga-dortmund_ger-holstein_kiel,https://userbet.info/lineups_fixture/bundesliga-dortmund_ger-holstein_kiel/38442937/
13375,2025-05-17,St Pauli,Bochum,1609066949,38442944,St. Pauli (Ger),Bochum,bundesliga-st._pauli_ger-bochum,https://userbet.info/lineups_fixture/bundesliga-st._pauli_ger-bochum/38442944/
13370,2025-05-17,Heidenheim,Werder Bremen,1609073130,38442939,Heidenheim (Ger),Werder Bremen,bundesliga-heidenheim_ger-werder_bremen,https://userbet.info/lineups_fixture/bundesliga-heidenheim_ger-werder_bremen/38442939/
13369,2025-05-17,Freiburg,Ein Frankfurt,1609073129,38442938,Freiburg,Eintracht Frankfurt,bundesliga-freiburg-eintracht_frankfurt,https://userbet.info/lineups_fixture/bundesliga-freiburg-eintracht_frankfurt/38442938/
