league,season,team_id,team,n_long_break,n_stable,dD_base_lb,dD_base_st,abs_dD_base_lb,abs_dD_base_st,dD_final_lb,dD_final_st,dP_dog_lb,dP_dog_st,mae_ah_lb,mae_ah_st,mae_tot_lb,mae_tot_st
La Liga,2024-25,100,Las Palmas,1,33,-0.1631673973880531,-0.21075136099802227,0.1631673973880531,0.26251105117618684,-0.13179412446928346,-0.07737323091463426,3.54455167360081,1.9679993997189356,0.0,0.18181818181818182,0.0,0.14393939393939395
La Liga,2024-25,21,Alaves,1,31,0.16053032895270825,-0.07381137290500209,0.16053032895270825,0.2179118034931045,0.26886200173836494,0.015011490086263953,-4.424029626223944,1.0148014295072616,0.25,0.14516129032258066,0.0,0.11290322580645161
La Liga,2024-25,22,Ath Bilbao,1,33,0.16030444684965817,0.023265488052378724,0.16030444684965817,0.18492512243643186,0.24308217554969191,0.06546541822635976,-1.371065087654104,0.8870281240724021,0.25,0.18181818181818182,0.25,0.10606060606060606
La Liga,2024-25,23,Ath Madrid,1,32,-0.015705573760348146,0.03206316829739794,0.015705573760348146,0.18788950975566934,-0.004449510708923854,0.15126024850536926,2.166415072329675,-1.5288141637436248,0.0,0.1953125,0.5,0.1015625
La Liga,2024-25,24,Barcelona,1,33,0.16437818540911753,-0.2189335829692821,0.16437818540911753,0.30737650965846375,0.3367958864104873,0.07845486042707694,-4.370258965035159,-0.6518213018854991,0.25,0.19696969696969696,0.25,0.26515151515151514
La Liga,2024-25,25,Betis,1,33,-0.1919512500721901,-0.12537674801278326,0.1919512500721901,0.2392725080023667,-0.49318882952395526,-0.0010460049422046436,13.12378604157991,0.6966745842805003,0.5,0.1590909090909091,0.25,0.17424242424242425
La Liga,2024-25,26,Celta,1,33,0.16053032895270825,-0.10157553511138903,0.16053032895270825,0.20161010706745083,0.26886200173836494,-0.02619555297144734,-4.424029626223944,1.7361706494525906,0.25,0.09090909090909091,0.0,0.15151515151515152
La Liga,2024-25,29,Getafe,1,34,0.16030444684965817,-0.01334881575829071,0.16030444684965817,0.17751151240219548,0.24308217554969191,0.053629716950830256,-1.371065087654104,0.6634467921422655,0.25,0.19117647058823528,0.25,0.19117647058823528
La Liga,2024-25,30,Girona,1,33,-0.1919512500721901,-0.053363762781721884,0.1919512500721901,0.2434212350524079,-0.49318882952395526,0.010585678658023335,13.12378604157991,1.6834592568612727,0.5,0.10606060606060606,0.25,0.15151515151515152
La Liga,2024-25,32,Mallorca,1,33,-0.3878362470733342,0.0011514130928116683,0.3878362470733342,0.20101229951172836,-0.2694198664359604,0.09388062198793568,4.4244042842799205,-0.6490139565131688,0.25,0.15151515151515152,0.5,0.10606060606060606
La Liga,2024-25,33,Osasuna,1,33,0.0734241403167486,-0.06263564582112079,0.0734241403167486,0.1498637606481359,0.04858272922418949,0.04518440819415942,1.7764593670884703,0.21309028634994664,0.0,0.12878787878787878,0.5,0.12878787878787878
La Liga,2024-25,35,Real Madrid,1,33,-0.3878362470733342,-0.005762505856699929,0.3878362470733342,0.24584377628856172,-0.2694198664359604,0.16256284790514539,4.4244042842799205,-1.6109305491349775,0.25,0.16666666666666666,0.5,0.20454545454545456
La Liga,2024-25,36,Sevilla,1,33,-0.1631673973880531,0.0042549899293336775,0.1631673973880531,0.17612928775666464,-0.13179412446928346,0.052464663322114746,3.54455167360081,0.0854922318582622,0.0,0.09848484848484848,0.0,0.13636363636363635
La Liga,2024-25,37,Sociedad,1,33,0.29778150540722514,0.01283394928086714,0.29778150540722514,0.284405544091786,0.36082020420101035,0.09067976742735996,-3.8256413445192523,-0.8014364797875531,0.25,0.12878787878787878,0.25,0.14393939393939395
La Liga,2024-25,38,Valencia,1,33,0.16437818540911753,-0.02414859465231556,0.16437818540911753,0.13566430382295022,0.3367958864104873,0.06403501321097918,-4.370258965035159,-0.025039593178506278,0.25,0.12878787878787878,0.25,0.09848484848484848
La Liga,2024-25,39,Vallecano,1,33,0.29778150540722514,-0.09290439815541825,0.29778150540722514,0.18733336921750815,0.36082020420101035,0.01116348552369883,-3.8256413445192523,0.9636381724253349,0.25,0.10606060606060606,0.25,0.12121212121212122
La Liga,2024-25,40,Villarreal,1,33,-0.015705573760348146,-0.2061495609615408,0.015705573760348146,0.34206312251021553,-0.004449510708923854,0.03304179111668016,2.166415072329675,0.3272173326951764,0.0,0.13636363636363635,0.5,0.20454545454545456
La Liga,2025-26,21,Alaves,1,31,0.5060955682509927,0.005476741080409892,0.5060955682509927,0.1498186028638528,0.4869547301540297,0.0991494796256327,-7.083516050369767,-1.1867169119778778,0.25,0.12903225806451613,0.25,0.14516129032258066
La Liga,2025-26,22,Ath Bilbao,1,33,-0.14404177459682,0.06941595089632337,0.14404177459682,0.2132316987369868,-0.11098936874737286,0.1142732405327577,3.9669941307422714,-0.6612417239632592,0.25,0.19696969696969696,0.25,0.11363636363636363
La Liga,2025-26,23,Ath Madrid,1,32,-0.007767742527042043,-0.16284301097589518,0.007767742527042043,0.2965056217417233,-0.08047209558993718,-0.004733979255903863,2.605273574951092,1.0573653217674381,0.0,0.203125,0.0,0.140625
La Liga,2025-26,24,Barcelona,1,30,-0.6924114403119842,-0.14989603278770144,0.6924114403119842,0.3510150486987306,-0.4089072231516071,0.09933238728630013,3.3768001524374216,-0.33761201117959083,0.25,0.24166666666666667,0.5,0.20833333333333334
La Liga,2025-26,25,Betis,1,31,0.13780338624034294,-0.041054079177002434,0.13780338624034294,0.18702124561935424,0.19740952305533832,0.035185229320208636,-2.4665900446889157,0.11705322783999754,0.25,0.13709677419354838,0.25,0.1774193548387097
La Liga,2025-26,26,Celta,1,33,-0.2217508931518064,0.04014470516571952,0.2217508931518064,0.1838260326322567,0.13930811377472152,0.0780756613694416,-0.6084696743486467,-0.03162720148315695,0.0,0.12121212121212122,0.25,0.09090909090909091
La Liga,2025-26,28,Espanol,1,33,-0.007767742527042043,0.08852973337094698,0.007767742527042043,0.3034812286244416,-0.08047209558993718,0.12684749985462265,2.605273574951092,-1.3807143338691292,0.0,0.15151515151515152,0.0,0.16666666666666666
La Liga,2025-26,29,Getafe,1,33,-0.2217508931518064,0.0783738605823671,0.2217508931518064,0.1791051137368535,0.13930811377472152,0.12885389929550073,-0.6084696743486467,-0.8181380006524617,0.0,0.16666666666666666,0.25,0.12878787878787878
La Liga,2025-26,30,Girona,1,32,0.5608463503494556,-0.09844703105140586,0.5608463503494556,0.30645697853114623,0.36037161225664177,0.04714811935523591,-5.225901480299649,0.36099585907231896,0.25,0.1171875,0.25,0.125
La Liga,2025-26,32,Mallorca,1,32,-0.6924114403119842,-0.03291681457345452,0.6924114403119842,0.19377152645169088,-0.4089072231516071,0.07088620564118697,3.3768001524374216,-0.9629596879641429,0.25,0.1171875,0.5,0.1484375
La Liga,2025-26,33,Osasuna,1,33,-0.1528336754557198,-0.017072276778776322,0.1528336754557198,0.2187410553839225,-0.1685343609416956,0.05990714965020141,2.5067575857186024,-0.11463601039141283,0.0,0.12878787878787878,0.0,0.09848484848484848
La Liga,2025-26,35,Real Madrid,1,32,-0.1528336754557198,0.010050315930076874,0.1528336754557198,0.27162887775552036,-0.1685343609416956,0.17186693541116302,2.5067575857186024,-1.6375181421512106,0.0,0.2734375,0.0,0.21875
La Liga,2025-26,36,Sevilla,1,32,-0.14404177459682,-0.07542984669566337,0.14404177459682,0.23255639267218364,-0.11098936874737286,0.007421248255101294,3.9669941307422714,1.4348647336191866,0.25,0.1796875,0.25,0.125
La Liga,2025-26,37,Sociedad,1,33,-0.20479914548284694,0.02411380874244986,0.20479914548284694,0.22172816456036634,-0.0013228970346235436,0.08788136794335291,1.8123517172941472,-1.052506876524963,0.0,0.13636363636363635,0.0,0.20454545454545456
La Liga,2025-26,38,Valencia,1,32,-0.20479914548284694,-0.049639762566066684,0.20479914548284694,0.22684622929493736,-0.0013228970346235436,0.03060691943346529,1.8123517172941472,0.33721419998188173,0.0,0.1328125,0.0,0.140625
La Liga,2025-26,39,Vallecano,1,32,0.5608463503494556,-0.016202563568827256,0.5608463503494556,0.12411444360806513,0.36037161225664177,0.08520542402236041,-5.225901480299649,-0.42021654157119115,0.25,0.1171875,0.25,0.125
La Liga,2025-26,40,Villarreal,1,32,-0.09010906676609975,-0.08260015764496907,0.09010906676609975,0.20396013288188825,0.16111398267581167,0.05421575337919018,0.7905008316133333,0.1692786322125883,0.25,0.1640625,0.5,0.140625
Ligue 1,2024-25,104,Montpellier,1,29,-0.01291139245835804,-0.3648378940074345,0.01291139245835804,0.4563064285603415,0.005899894350753554,-0.02028155247486274,0.6999759005465456,1.2401635242674545,0.0,0.16379310344827586,0.0,0.14655172413793102
Ligue 1,2024-25,105,Reims,1,29,0.011571302812588724,-0.24391780182669953,0.011571302812588724,0.4094113063576017,0.3262186137889217,-0.06122155813407762,-5.446191406975542,2.503530342794751,0.5,0.20689655172413793,0.5,0.11206896551724138
Ligue 1,2024-25,79,Rennes,1,29,0.20942826194691494,0.00800684389736621,0.20942826194691494,0.2305262892420967,0.04199694232083834,0.14136311263578744,1.2104754842505339,-1.2521294262432998,0.0,0.16379310344827586,0.25,0.1810344827586207
Ligue 1,2024-25,80,Marseille,1,29,-0.07375383716501319,-0.2232176857248268,0.07375383716501319,0.2945985693434604,-0.035717869787956075,-0.014607366203839433,2.176885130039341,0.7879568299161595,0.0,0.1810344827586207,0.0,0.14655172413793102
Ligue 1,2024-25,81,Lens,1,29,-0.31798093985899434,-0.1471560362742002,0.31798093985899434,0.2818004152106908,-0.06620885024726564,0.04170581121922122,3.878586594684097,0.3776854906654882,0.25,0.1724137931034483,0.25,0.12931034482758622
Ligue 1,2024-25,82,Lyon,1,29,0.20942826194691494,-0.38783880412550575,0.20942826194691494,0.4362899216121791,0.04199694232083834,-0.14098551300623186,1.2104754842505339,2.738868590276945,0.0,0.22413793103448276,0.25,0.1810344827586207
Ligue 1,2024-25,83,Monaco,1,29,-0.23139358198873694,-0.19982975597923905,0.23139358198873694,0.26438378000383006,-0.05391521890544948,0.05048155548594236,0.5483644774652768,0.14392008681306978,0.0,0.21551724137931033,0.0,0.19827586206896552
Ligue 1,2024-25,84,Le Havre,1,29,-0.030519777422500116,-0.16045174398896944,0.030519777422500116,0.27917431574922164,-0.10160861001990673,0.09277017364983262,2.914532074764051,-1.0400519002395063,0.0,0.13793103448275862,0.0,0.15517241379310345
Ligue 1,2024-25,85,Nice,1,29,0.49833402211406214,-0.18540048385204766,0.49833402211406214,0.24567030530760395,0.4977730247334687,-0.011898238660657348,-10.810840270708422,0.6164280702171754,0.25,0.1724137931034483,0.25,0.19827586206896552
Ligue 1,2024-25,86,Toulouse,1,29,-0.0582357861322888,-0.13782274043612838,0.0582357861322888,0.28065220767247645,0.007058267467945245,0.03680592948645248,1.459428286224479,0.7736142191850041,0.0,0.15517241379310345,0.25,0.0603448275862069
Ligue 1,2024-25,87,Brest,1,29,-0.07375383716501319,-0.20485156447630914,0.07375383716501319,0.30217406697745763,-0.035717869787956075,-0.03713580708873611,2.176885130039341,1.535971534571251,0.0,0.15517241379310345,0.0,0.1896551724137931
Ligue 1,2024-25,88,Lille,1,29,0.011571302812588724,-0.1075871186301092,0.011571302812588724,0.20359859980395742,0.3262186137889217,0.008595953602618096,-5.446191406975542,1.2288793228351131,0.5,0.1206896551724138,0.5,0.11206896551724138
Ligue 1,2024-25,94,Strasbourg,1,29,-0.01291139245835804,-0.1689540273059572,0.01291139245835804,0.2947329787548715,0.005899894350753554,-0.02267202578868161,0.6999759005465456,1.195111736942889,0.0,0.1896551724137931,0.0,0.1724137931034483
Ligue 1,2024-25,95,Nantes,1,29,-0.0582357861322888,-0.06980749375011393,0.0582357861322888,0.21956134900491528,0.007058267467945245,0.050218784449117274,1.459428286224479,0.2923052960341739,0.0,0.12931034482758622,0.25,0.14655172413793102
Ligue 1,2024-25,96,Paris SG,1,29,-0.030519777422500116,-0.29587354469081695,0.030519777422500116,0.3254707237693303,-0.10160861001990673,0.0544969939895618,2.914532074764051,0.7394182431555761,0.0,0.25,0.0,0.14655172413793102
Ligue 1,2025-26,79,Rennes,1,29,-0.4403800484523415,-0.1989136543302748,0.4403800484523415,0.29612291881268665,-0.12900980757562908,-0.0809685154892712,3.8700274946703193,2.18380326070516,0.0,0.21551724137931033,0.0,0.21551724137931033
Ligue 1,2025-26,80,Marseille,1,29,-0.4403800484523415,-0.04672659990643826,0.4403800484523415,0.1807143147257646,-0.12900980757562908,0.04762308650344405,3.8700274946703193,-0.06635565653277493,0.0,0.09482758620689655,0.0,0.19827586206896552
Ligue 1,2025-26,81,Lens,1,28,0.2210684925144839,-0.21771057220846202,0.2210684925144839,0.33479914364475133,-0.03099582953317405,-0.011522321047340255,2.3316467854511194,0.9705302629103137,0.25,0.19642857142857142,0.25,0.19642857142857142
Ligue 1,2025-26,82,Lyon,1,28,0.2210684925144839,-0.04052059173421196,0.2210684925144839,0.19960233025552312,-0.03099582953317405,0.02448086082571346,2.3316467854511194,1.241390552793811,0.25,0.125,0.25,0.20535714285714285
Ligue 1,2025-26,83,Monaco,1,29,-0.5248358562025239,-0.02921335019879707,0.5248358562025239,0.256131952258658,-0.23076553002498823,0.050270626587943096,2.811094629069709,0.6720833768965724,0.25,0.16379310344827586,0.0,0.15517241379310345
Ligue 1,2025-26,84,Le Havre,1,28,-0.5248358562025239,0.04176397720755971,0.5248358562025239,0.19911085182673288,-0.23076553002498823,0.09823519692943035,2.811094629069709,-0.5263787488816447,0.25,0.13392857142857142,0.0,0.1875
Ligue 1,2025-26,85,Nice,1,28,0.15540574081562664,-0.18296828694908066,0.15540574081562664,0.45227612918191673,0.39770467573235246,-0.0009157074138555493,-4.789543931149195,1.1340374532008972,0.25,0.1875,0.0,0.125
Ligue 1,2025-26,86,Toulouse,1,29,0.15540574081562664,-0.10041810776168515,0.15540574081562664,0.2174941041234238,0.39770467573235246,0.01604130903656867,-4.789543931149195,1.4726271847186652,0.25,0.1724137931034483,0.0,0.15517241379310345
Ligue 1,2025-26,87,Brest,1,29,-0.38759239525579603,-0.10790876577841342,0.38759239525579603,0.2561644633320739,-0.6589801181438745,0.021884059367419748,16.31765936104541,0.8911426146663174,0.5,0.16379310344827586,0.25,0.15517241379310345
Ligue 1,2025-26,88,Lille,1,29,-0.38759239525579603,-0.13497184022178998,0.38759239525579603,0.26810673020583675,-0.6589801181438745,-0.005056349362745495,16.31765936104541,1.0741810171701727,0.5,0.2672413793103448,0.25,0.15517241379310345
Ligue 1,2025-26,89,Angers,1,29,-0.4044888651688023,0.03246713312165801,0.4044888651688023,0.21289755842281283,-0.31862670166678364,0.108261845352357,8.368354471667333,-0.6735571035907328,0.5,0.15517241379310345,0.25,0.14655172413793102
Ligue 1,2025-26,91,Auxerre,1,29,0.20076912186784474,-0.011296920596154635,0.20076912186784474,0.15121004745421002,0.08428618821462922,0.1048456512442934,-0.8377701019218253,0.22324698337706833,0.25,0.10344827586206896,0.25,0.13793103448275862
Ligue 1,2025-26,92,Lorient,1,28,0.20076912186784474,-0.0005489841917087077,0.20076912186784474,0.21851810611063568,0.08428618821462922,0.031051520077899686,-0.8377701019218253,1.165641743038378,0.25,0.17857142857142858,0.25,0.16071428571428573
Ligue 1,2025-26,93,Metz,1,28,-0.28501447771306526,-0.13809482193463776,0.28501447771306526,0.22372183047186933,-0.003113211156001161,0.06112623595831044,1.0143240832609175,-0.8532533889414466,0.0,0.21428571428571427,0.0,0.23214285714285715
Ligue 1,2025-26,94,Strasbourg,1,29,-0.28501447771306526,-0.128491834307788,0.28501447771306526,0.4019361168013429,-0.003113211156001161,0.033009861344915986,1.0143240832609175,0.5262229682586002,0.0,0.28448275862068967,0.0,0.19827586206896552
Ligue 1,2025-26,95,Nantes,1,29,-0.6072423895267769,-0.1718733016760471,0.6072423895267769,0.26460536707735477,-0.5187035673913212,0.03997595982827378,6.092934622338658,0.10365953309828133,0.5,0.13793103448275862,0.25,0.10344827586206896
Ligue 1,2025-26,96,Paris SG,1,29,-0.6072423895267769,-0.12016705271793633,0.6072423895267769,0.30440746467725044,-0.5187035673913212,0.13012972071296144,6.092934622338658,-0.08183709232858845,0.5,0.2672413793103448,0.25,0.20689655172413793
Serie A,2024-25,107,Empoli,1,33,-0.1209671940067738,0.003530168455973938,0.1209671940067738,0.1852446720819529,0.15316386721582148,0.11590042326454685,-0.7930629817770429,-0.07240488594167924,0.0,0.1893939393939394,0.25,0.1893939393939394
Serie A,2024-25,109,Monza,1,33,-0.1209671940067738,-0.3139345159583619,0.1209671940067738,0.410588703917102,0.15316386721582148,-0.009763161025738893,-0.7930629817770429,1.1962057315986236,0.0,0.17424242424242425,0.25,0.12878787878787878
Serie A,2024-25,59,Atalanta,1,33,0.24468948184212402,-0.16315590071820582,0.24468948184212402,0.3104578146568143,0.2901291778119208,0.06279542421229099,-4.338987863066604,-0.03580653984955206,0.25,0.18181818181818182,0.25,0.1590909090909091
Serie A,2024-25,60,Bologna,1,33,0.27125123938871754,-0.08351161442752499,0.27125123938871754,0.23740681030338923,0.3454090015649829,0.0016379111823231131,-5.427261927901661,1.6574052435988251,0.5,0.16666666666666666,0.0,0.10606060606060606
Serie A,2024-25,61,Cagliari,1,32,0.10335315623376062,-0.06985042430178068,0.10335315623376062,0.1815138236896584,0.013562105770259236,0.011141559120340053,-0.26500659426443307,1.652835574551873,0.0,0.1640625,0.25,0.140625
Serie A,2024-25,64,Fiorentina,1,33,0.27541620469284234,-0.0562917965061378,0.27541620469284234,0.2498508222153828,0.39423601906345684,0.07651667118855446,-6.506650693252674,0.1326272517361935,0.5,0.1590909090909091,0.0,0.14393939393939395
Serie A,2024-25,65,Genoa,1,33,-0.06940250328100817,-0.09131755044018977,0.06940250328100817,0.21497457601081904,0.03968862710380927,0.08035392171890036,0.17291396411732718,-0.19042315632286974,0.0,0.18181818181818182,0.0,0.13636363636363635
Serie A,2024-25,66,Inter,1,33,-0.06940250328100817,0.06251012749598983,0.06940250328100817,0.21737502609907702,0.03968862710380927,0.11322552541176321,0.17291396411732718,0.2324182419720246,0.0,0.17424242424242425,0.0,0.14393939393939395
Serie A,2024-25,67,Juventus,1,33,0.5129980061877373,-0.043656243388837064,0.5129980061877373,0.16732877482092412,0.6098595265258897,0.09274654478622436,-5.7246336480736115,-0.4415359910712069,0.5,0.1590909090909091,0.25,0.13636363636363635
Serie A,2024-25,68,Lazio,1,33,-0.18924194812035422,-0.1226292332268761,0.18924194812035422,0.24038327110285504,0.037546148897182,0.00377789202234584,0.2589643660706076,1.1226065447426337,0.0,0.1590909090909091,0.0,0.09848484848484848
Serie A,2024-25,69,Lecce,1,33,0.24468948184212402,-0.130731483697721,0.24468948184212402,0.2545063037293535,0.2901291778119208,0.05382403176181245,-4.338987863066604,0.32484349668243084,0.25,0.14393939393939395,0.25,0.17424242424242425
Serie A,2024-25,70,Milan,1,33,-0.3503252972467785,-0.07531588858143581,0.3503252972467785,0.21138828181902056,-0.22803895118277906,0.008219868675364127,2.560445401553163,1.1101851245462482,0.25,0.17424242424242425,0.5,0.15151515151515152
Serie A,2024-25,71,Napoli,1,33,-0.00017363279450688385,-0.16433135675359012,0.00017363279450688385,0.2448319468028916,0.005027784496009935,0.015556913278699593,2.069878958663382,1.6723774341354078,0.0,0.14393939393939395,0.0,0.16666666666666666
Serie A,2024-25,74,Roma,1,33,0.10335315623376062,-0.08925882940901986,0.10335315623376062,0.24144865123624643,0.013562105770259236,0.06949520095269564,-0.26500659426443307,-0.291635292943014,0.0,0.18181818181818182,0.25,0.13636363636363635
Serie A,2024-25,76,Torino,1,32,-0.3503252972467785,-0.13260158621684234,0.3503252972467785,0.29504058872398037,-0.22803895118277906,0.047993877075320664,2.560445401553163,0.6147142526793399,0.25,0.2421875,0.5,0.125
Serie A,2024-25,77,Udinese,1,33,0.27125123938871754,-0.05206005973500247,0.27125123938871754,0.1792643423126922,0.3454090015649829,0.08024115512514181,-5.427261927901661,0.08308466757324882,0.5,0.1590909090909091,0.0,0.06818181818181818
Serie A,2024-25,78,Verona,1,33,-0.00017363279450688385,-0.032003310392113,0.00017363279450688385,0.17935665456889632,0.005027784496009935,0.10470009599553534,2.069878958663382,-0.04401483675770586,0.0,0.20454545454545456,0.0,0.17424242424242425
Serie A,2025-26,59,Atalanta,1,32,0.40686236979067303,-0.010327053959606185,0.40686236979067303,0.1786171755984907,0.36125073605708447,0.07575792627455914,-1.965525625516852,-0.19774145447502403,0.5,0.0859375,0.25,0.140625
Serie A,2025-26,60,Bologna,1,32,0.0895869106032659,-0.005705344711229424,0.0895869106032659,0.175318275709445,0.14572144589893188,0.08176781928447935,-1.9934081187203438,-0.5825813234894416,0.25,0.1015625,0.0,0.1328125
Serie A,2025-26,61,Cagliari,1,32,0.22392128799510647,-0.07903170741062035,0.22392128799510647,0.19090396225563608,0.29911733170319754,0.06627755706777186,-4.191282479679775,0.776154325552523,0.0,0.140625,0.25,0.140625
Serie A,2025-26,62,Como,1,33,-0.2983987716727043,-0.265934960363698,0.2983987716727043,0.46661358643942796,-0.43077452396806604,0.020731870395472876,10.97120646413321,0.8547893654079649,0.5,0.15151515151515152,0.0,0.12878787878787878
Serie A,2025-26,64,Fiorentina,1,31,0.22392128799510647,0.010987425571946487,0.22392128799510647,0.19667277057029825,0.29911733170319754,0.08269010774632503,-4.191282479679775,-0.3056987990858891,0.0,0.07258064516129033,0.25,0.12903225806451613
Serie A,2025-26,65,Genoa,1,33,-0.32317434098318093,-0.0011804223159356901,0.32317434098318093,0.16506618597824674,-0.1739798768426266,0.08610288434680322,5.797706879478562,-0.18401335952713757,0.25,0.12878787878787878,0.25,0.13636363636363635
Serie A,2025-26,66,Inter,1,30,-0.008975809234021304,-0.0829895959683149,0.008975809234021304,0.2037416647206255,0.23799575303293286,0.10200773167616593,-3.116791888418184,-0.41030472268168094,0.25,0.18333333333333332,0.25,0.11666666666666667
Serie A,2025-26,67,Juventus,1,32,0.08231131651216383,-0.22131651732771962,0.08231131651216383,0.31184959987908695,0.1419754435688496,0.041613235207346,0.4735838851020274,-0.6718710617108876,0.0,0.1015625,0.5,0.2265625
Serie A,2025-26,68,Lazio,1,32,-0.2983987716727043,-0.002998489208806707,0.2983987716727043,0.2820089531462504,-0.43077452396806604,0.08212846878859274,10.97120646413321,-0.07638584434900783,0.5,0.1484375,0.0,0.1484375
Serie A,2025-26,69,Lecce,1,33,-0.32317434098318093,-0.027153810019077292,0.32317434098318093,0.19627507754075266,-0.1739798768426266,0.09925938889889648,5.797706879478562,-0.2168784347779565,0.25,0.15151515151515152,0.25,0.11363636363636363
Serie A,2025-26,70,Milan,1,32,-0.04830512020568678,-0.026920141242172173,0.04830512020568678,0.18748471068200454,0.07858836225438282,0.09326307963871305,0.8805895283671608,0.193104755633895,0.0,0.1171875,0.25,0.1640625
Serie A,2025-26,71,Napoli,1,32,-0.06604489041847161,-0.00013056615350511263,0.06604489041847161,0.18723277018927242,0.16927867924492657,0.024334449185143305,0.7820845377189162,1.5266426893318479,0.25,0.09375,0.25,0.1796875
Serie A,2025-26,72,Parma,1,33,0.08231131651216383,-0.09637266594203256,0.08231131651216383,0.20514187959739683,0.1419754435688496,0.025389478695916904,0.4735838851020274,1.571552795258883,0.0,0.13636363636363635,0.5,0.1893939393939394
Serie A,2025-26,74,Roma,1,31,0.0895869106032659,-0.10550367801011272,0.0895869106032659,0.2069602077023963,0.14572144589893188,0.06982029090234124,-1.9934081187203438,0.19471166168708512,0.25,0.12096774193548387,0.0,0.1693548387096774
Serie A,2025-26,75,Sassuolo,1,33,-0.06604489041847161,-0.0187917885125509,0.06604489041847161,0.23402789282381153,0.16927867924492657,0.04637840854387527,0.7820845377189162,0.9293891277110561,0.25,0.1590909090909091,0.25,0.16666666666666666
Serie A,2025-26,76,Torino,1,33,-0.008975809234021304,-0.11471640923871665,0.008975809234021304,0.24618087647777373,0.23799575303293286,0.04609558302706132,-3.116791888418184,-0.08317813210112796,0.25,0.08333333333333333,0.25,0.12878787878787878
Serie A,2025-26,77,Udinese,1,32,0.0295494177547998,0.0018727857168272116,0.0295494177547998,0.1630779933302692,0.023939337067684696,0.07630739103871677,2.148456161879084,0.014594339000983515,0.0,0.1015625,0.25,0.125
Serie A,2025-26,78,Verona,1,31,0.0295494177547998,-0.039307080420749305,0.0295494177547998,0.17537820671864102,0.023939337067684696,0.029599470339686417,2.148456161879084,1.0187541431205083,0.0,0.12096774193548387,0.25,0.12903225806451613
