series,arm,d_scale,s_scale,league,home,away,ah_mkt,tot_mkt,ah_pred,tot_pred,dah,dtot,abs_dah,abs_dtot,flip_ah,fav_mkt,fav_mod,o1,ox,o2,b1m,bxm,b2m,d1_odds,dx_odds,d2_odds,overround_pct,flip_1x2,d_base,d_dyn_full,d_corr_applied,d_final,d_market,s_base,s_corr_applied,s_final,days_since_home,days_since_away,days_since_min
BOTH,CURRENT,1.0,1.0,Premier League,Nott'm Forest,Leeds,-0.25,2.5,0.25,2.5,0.5,0.0,0.5,0.0,True,H,A,2.26,3.36,3.23,3.209029897922331,3.426956805673398,2.24079741152467,0.9490298979223311,0.06695680567339801,-0.9892025884753299,4.969444694505665,True,0.34055758626343235,-0.19610902338003655,-0.5366666096434689,-0.2762737415367972,0.25,2.4673177077583075,0.16810527368898137,2.635422981447289,83,106,83
BOTH,CURRENT,1.0,1.0,Premier League,Everton,Crystal Palace,-0.25,2.5,-0.75,2.5,-0.5,0.0,0.5,0.0,False,H,H,2.15,3.41,3.42,1.7541589443500096,3.6754786338877126,4.793360740505856,-0.3958410556499903,0.2654786338877124,1.3733607405058557,5.076907185329027,False,0.21400298982738536,0.6968666917967474,0.482863701969362,0.7545324857333281,0.25,2.456262798183097,0.1638698082071074,2.6201326063902046,90,90,90
BOTH,CURRENT,1.0,1.0,Bundesliga,FC Koln,Hoffenheim,0.25,3.0,0.5,3.25,0.25,0.25,0.25,0.25,False,A,A,2.98,3.67,2.27,3.852789120313582,4.10942518315457,1.8325644358966982,0.8727891203135818,0.4394251831545697,-0.43743556410330187,4.8578668192588825,False,-0.22823884077216705,-0.611620929829295,-0.38338208905712795,-0.6664960240052903,-0.25,3.1722305517822287,0.2217526330336287,3.3939831848158573,97,98,97
BOTH,CURRENT,1.0,1.0,Bundesliga,Union Berlin,Ein Frankfurt,0.0,2.75,0.25,3.0,0.25,0.25,0.25,0.25,True,N,A,2.47,3.51,2.78,3.3442393273235695,3.815230290318274,2.047746161549644,0.8742393273235693,0.3052302903182742,-0.7322538384503559,4.947081471125392,True,0.03273656196232294,-0.3862372936052591,-0.41897385556758204,-0.42317890658370916,-0.0,2.797731138748441,0.3705750999216758,3.168306238670117,91,99,91
BOTH,CURRENT,1.0,1.0,Serie A,Udinese,Como,0.5,2.25,1.0,2.5,0.5,0.25,0.5,0.25,False,A,A,4.5,3.52,1.826,7.494919781720893,3.9998350211816787,1.4913704026197483,2.994919781720893,0.47983502118167864,-0.3346295973802518,5.395825727151027,False,-0.64762748104862,-1.061765176423683,-0.41413769537506306,-1.1530337766789494,-0.5,2.500582509240519,0.11434263466828733,2.6149251439088066,90,83,83
BOTH,CURRENT,1.0,1.0,Serie A,Genoa,Napoli,0.5,2.25,1.0,2.25,0.5,0.0,0.5,0.0,False,A,A,4.98,3.24,1.84,9.724186396217927,3.898991944227631,1.4417312783013085,4.744186396217927,0.6589919442276306,-0.39826872169869154,5.292344902961288,False,-0.6442761461016218,-1.1155499626613707,-0.4712738165597491,-1.2115705490853137,-0.5,2.1307561802324626,0.15864111291442445,2.289397293146887,83,90,83
BOTH,DECAY75,0.75,0.75,Premier League,Nott'm Forest,Leeds,-0.25,2.5,0.25,2.5,0.5,0.0,0.5,0.0,True,H,A,2.26,3.36,3.23,2.989689616834192,3.3714773643306057,2.3888829727619703,0.7296896168341922,0.011477364330605866,-0.8411170272380297,4.969444694505665,True,0.34055758626343235,-0.19610902338003655,-0.4024999572326017,-0.17105669402492318,0.25,2.4673177077583075,0.12607895526673607,2.5933966630250436,83,106,83
BOTH,DECAY75,0.75,0.75,Premier League,Everton,Crystal Palace,-0.25,2.5,-0.5,2.5,-0.25,0.0,0.25,0.0,False,H,H,2.15,3.41,3.42,1.8664428697706115,3.545315819821093,4.293167853766924,-0.28355713022938844,0.13531581982109264,0.8731678537669243,5.076907185329027,False,0.21400298982738536,0.6968666917967474,0.36214777647702157,0.6231927761788523,0.25,2.456262798183097,0.12290235615533063,2.579165154338428,90,90,90
BOTH,DECAY75,0.75,0.75,Bundesliga,FC Koln,Hoffenheim,0.25,3.0,0.5,3.25,0.25,0.25,0.25,0.25,False,A,A,2.98,3.67,2.27,3.6073895804878973,4.00714519049312,1.9163854791202952,0.6273895804878973,0.3371451904931204,-0.3536145208797048,4.8578668192588825,False,-0.22823884077216705,-0.611620929829295,-0.2875365667928459,-0.563024198872743,-0.25,3.1722305517822287,0.16631447477522143,3.3385450265574503,97,98,97
BOTH,DECAY75,0.75,0.75,Bundesliga,Union Berlin,Ein Frankfurt,0.0,2.75,0.25,3.0,0.25,0.25,0.25,0.25,True,N,A,2.47,3.51,2.78,3.130960537590569,3.7083360926558036,2.1719427556955866,0.6609605375905687,0.19833609265580376,-0.6080572443044132,4.947081471125392,True,0.03273656196232294,-0.3862372936052591,-0.31423039167568656,-0.3101011422441809,-0.0,2.797731138748441,0.27793132494125694,3.0756624636896976,91,99,91
BOTH,DECAY75,0.75,0.75,Serie A,Udinese,Como,0.5,2.25,1.0,2.5,0.5,0.25,0.5,0.25,False,A,A,4.5,3.52,1.826,6.650258554126106,3.826055091505043,1.557093113990074,2.150258554126106,0.30605509150504284,-0.26890688600992596,5.395825727151027,False,-0.64762748104862,-1.061765176423683,-0.3106032715312973,-1.0403518934046818,-0.5,2.500582509240519,0.08575697600121557,2.5863394852417345,90,83,83
BOTH,DECAY75,0.75,0.75,Serie A,Genoa,Napoli,0.5,2.25,1.0,2.0,0.5,-0.25,0.5,0.25,False,A,A,4.98,3.24,1.84,8.285166114025087,3.6694414201401386,1.515829581337096,3.305166114025086,0.4294414201401384,-0.32417041866290397,5.292344902961288,False,-0.6442761461016218,-1.1155499626613707,-0.35345536241981174,-1.0833426147995668,-0.5,2.1307561802324626,0.11898083468581822,2.249737014918281,83,90,83
BOTH,DECAY50,0.5,0.5,Premier League,Nott'm Forest,Leeds,-0.25,2.5,-0.25,2.5,0.0,0.0,0.0,0.0,False,H,H,2.26,3.36,3.23,2.3896229868993566,3.3403192625884435,3.0134477136398834,0.1296229868993568,-0.019680737411556404,-0.21655228636011659,4.969444694505665,False,0.34055758626343235,-0.19610902338003655,-0.26833330482173445,0.17491749361991837,0.25,2.4673177077583075,0.08405263684449071,2.551370344602798,83,106,83
BOTH,DECAY50,0.5,0.5,Premier League,Everton,Crystal Palace,-0.25,2.5,-0.5,2.5,-0.25,0.0,0.25,0.0,False,H,H,2.15,3.41,3.42,1.996147513592178,3.4362121695607857,3.8641970743183207,-0.1538524864078219,0.026212169560785537,0.4441970743183208,5.076907185329027,False,0.21400298982738536,0.6968666917967474,0.24143185098468103,0.49185306662437633,0.25,2.456262798183097,0.08193490410355375,2.538197702286651,90,90,90
BOTH,DECAY50,0.5,0.5,Bundesliga,FC Koln,Hoffenheim,0.25,3.0,0.5,3.25,0.25,0.25,0.25,0.25,False,A,A,2.98,3.67,2.27,3.3824828925667165,3.915955583199754,2.0097580120297844,0.40248289256671654,0.2459555831997542,-0.2602419879702156,4.8578668192588825,False,-0.22823884077216705,-0.611620929829295,-0.19169104452856395,-0.45955237374019586,-0.25,3.1722305517822287,0.11087631651681429,3.283106868299043,97,98,97
BOTH,DECAY50,0.5,0.5,Bundesliga,Union Berlin,Ein Frankfurt,0.0,2.75,0.25,2.75,0.25,0.0,0.25,0.0,True,N,A,2.47,3.51,2.78,2.9338569026919075,3.6135148329184776,2.3154381883272386,0.46385690269190727,0.10351483291847785,-0.4645618116727612,4.947081471125392,True,0.03273656196232294,-0.3862372936052591,-0.20948692778379102,-0.19702337790465263,-0.0,2.797731138748441,0.18528754996083796,2.983018688709279,91,99,91
BOTH,DECAY50,0.5,0.5,Serie A,Udinese,Como,0.5,2.25,0.75,2.5,0.25,0.25,0.25,0.25,False,A,A,4.5,3.52,1.826,5.9340558426396335,3.674093297135995,1.6306205576210389,1.4340558426396335,0.15409329713599496,-0.1953794423789612,5.395825727151027,False,-0.64762748104862,-1.061765176423683,-0.20706884768753153,-0.9276700101304141,-0.5,2.500582509240519,0.05717131733414371,2.557753826574663,90,83,83
BOTH,DECAY50,0.5,0.5,Serie A,Genoa,Napoli,0.5,2.25,0.75,2.0,0.25,-0.25,0.25,0.25,False,A,A,4.98,3.24,1.84,7.1268481361580305,3.472822184129973,1.6008741482179218,2.14684813615803,0.2328221841299727,-0.23912585178207824,5.292344902961288,False,-0.6442761461016218,-1.1155499626613707,-0.2356369082798745,-0.9551146805138198,-0.5,2.1307561802324626,0.07932055645721214,2.2100767366896745,83,90,83
BOTH,DECAY25,0.25,0.25,Premier League,Nott'm Forest,Leeds,-0.25,2.5,-0.25,2.25,0.0,-0.25,0.0,0.25,False,H,H,2.26,3.36,3.23,2.24307383903001,3.3341716893743505,3.2899814614824696,-0.01692616096999,-0.025828310625649387,0.059981461482469633,4.969444694505665,False,0.34055758626343235,-0.19610902338003655,-0.13416665241086723,0.2850109757120965,0.25,2.4673177077583075,0.04202631842224536,2.509344026180553,83,106,83
BOTH,DECAY25,0.25,0.25,Premier League,Everton,Crystal Palace,-0.25,2.5,-0.25,2.25,0.0,-0.25,0.0,0.25,False,H,H,2.15,3.41,3.42,2.1126316766250506,3.3578322384709973,3.576351039560928,-0.03736832337494933,-0.05216776152900282,0.15635103956092822,5.076907185329027,False,0.21400298982738536,0.6968666917967474,0.12071592549234052,0.38918883153963435,0.25,2.456262798183097,0.040967452051776876,2.4972302502348738,90,90,90
BOTH,DECAY25,0.25,0.25,Bundesliga,FC Koln,Hoffenheim,0.25,3.0,0.25,3.0,0.0,0.0,0.0,0.0,False,A,A,2.98,3.67,2.27,3.1761278095720256,3.8354691283766336,2.114139971268614,0.19612780957202558,0.16546912837663363,-0.15586002873138582,4.8578668192588825,False,-0.22823884077216705,-0.611620929829295,-0.09584552226428197,-0.3560805486076487,-0.25,3.1722305517822287,0.055438158258407144,3.2276687100406356,97,98,97
BOTH,DECAY25,0.25,0.25,Bundesliga,Union Berlin,Ein Frankfurt,0.0,2.75,0.0,2.75,0.0,0.0,0.0,0.0,False,N,N,2.47,3.51,2.78,2.807797221193447,3.5336795933889706,2.43707114352873,0.3377972211934468,0.023679593388970854,-0.3429288564712696,4.947081471125392,True,0.03273656196232294,-0.3862372936052591,-0.10474346389189551,-0.11550109471774143,-0.0,2.797731138748441,0.09264377498041898,2.89037491372886,91,99,91
BOTH,DECAY25,0.25,0.25,Serie A,Udinese,Como,0.5,2.25,0.75,2.25,0.25,0.0,0.25,0.0,False,A,A,4.5,3.52,1.826,5.322695582025027,3.5417141099311733,1.713107974584967,0.8226955820250268,0.021714109931173287,-0.11289202541503296,5.395825727151027,False,-0.64762748104862,-1.061765176423683,-0.10353442384376577,-0.8149881268561464,-0.5,2.500582509240519,0.028585658667071856,2.5291681679075912,90,83,83
BOTH,DECAY25,0.25,0.25,Serie A,Genoa,Napoli,0.5,2.25,0.75,2.0,0.25,-0.25,0.25,0.25,False,A,A,4.98,3.24,1.84,6.183268712044948,3.304811279721821,1.6989248540663207,1.203268712044948,0.06481127972182099,-0.14107514593367942,5.292344902961288,False,-0.6442761461016218,-1.1155499626613707,-0.11781845413993725,-0.8268867462280727,-0.5,2.1307561802324626,0.03966027822860607,2.1704164584610686,83,90,83
BOTH,RESET,0.0,0.0,Premier League,Nott'm Forest,Leeds,-0.25,2.5,-0.25,2.25,0.0,-0.25,0.0,0.25,False,H,H,2.26,3.36,3.23,2.14389608747865,3.3297293629852067,3.5344528765077246,-0.11610391252134988,-0.030270637014793156,0.30445287650772457,4.969444694505665,False,0.34055758626343235,0.34055758626343235,0.0,0.3668658689096015,0.25,2.4673177077583075,0.0,2.4673177077583075,83,106,83
BOTH,RESET,0.0,0.0,Premier League,Everton,Crystal Palace,-0.25,2.5,-0.25,2.25,0.0,-0.25,0.0,0.25,False,H,H,2.15,3.41,3.42,2.189462553069897,3.3042923662464214,3.4317169726938768,0.03946255306989688,-0.10570763375357872,0.011716972693876837,5.076907185329027,False,0.21400298982738536,0.21400298982738536,0.0,0.32917364751542455,0.25,2.456262798183097,0.0,2.456262798183097,90,90,90
BOTH,RESET,0.0,0.0,Bundesliga,FC Koln,Hoffenheim,0.25,3.0,0.25,3.0,0.0,0.0,0.0,0.0,False,A,A,2.98,3.67,2.27,3.00269334362915,3.7674567355501396,2.2216629749701267,0.022693343629149876,0.09745673555013967,-0.04833702502987336,4.8578668192588825,False,-0.22823884077216705,-0.22823884077216705,0.0,-0.2609794285825803,-0.25,3.1722305517822287,0.0,3.1722305517822287,97,98,97
BOTH,RESET,0.0,0.0,Bundesliga,Union Berlin,Ein Frankfurt,0.0,2.75,0.0,2.75,0.0,0.0,0.0,0.0,False,N,N,2.47,3.51,2.78,2.46024752212775,3.465103590412797,2.821543151445051,-0.009752477872249976,-0.04489640958720287,0.04154315144505105,4.947081471125392,False,0.03273656196232294,0.03273656196232294,0.0,0.10936183328377813,-0.0,2.797731138748441,0.0,2.797731138748441,91,99,91
BOTH,RESET,0.0,0.0,Serie A,Udinese,Como,0.5,2.25,0.5,2.25,0.0,0.0,0.0,0.0,False,A,A,4.5,3.52,1.826,4.8689282231491315,3.43875782568099,1.7928486534809376,0.36892822314913154,-0.08124217431900993,-0.033151346519062486,5.395825727151027,False,-0.64762748104862,-0.64762748104862,0.0,-0.7174020082486142,-0.5,2.500582509240519,0.0,2.500582509240519,90,83,83
BOTH,RESET,0.0,0.0,Serie A,Genoa,Napoli,0.5,2.25,0.5,2.0,0.0,-0.25,0.0,0.25,False,A,A,4.98,3.24,1.84,5.469215849940793,3.170106011675977,1.802987494052316,0.48921584994079215,-0.06989398832402305,-0.037012505947684016,5.292344902961288,False,-0.6442761461016218,-0.6442761461016218,0.0,-0.7087625531732967,-0.5,2.1307561802324626,0.0,2.1307561802324626,83,90,83
